-- MySQL dump 10.13  Distrib 8.0.30, for Win64 (x86_64)
--
-- Host: localhost    Database: jellyfish
-- ------------------------------------------------------
-- Server version	8.0.30

/*!40101 SET @OLD_CHARACTER_SET_CLIENT=@@CHARACTER_SET_CLIENT */;
/*!40101 SET @OLD_CHARACTER_SET_RESULTS=@@CHARACTER_SET_RESULTS */;
/*!40101 SET @OLD_COLLATION_CONNECTION=@@COLLATION_CONNECTION */;
/*!50503 SET NAMES utf8 */;
/*!40103 SET @OLD_TIME_ZONE=@@TIME_ZONE */;
/*!40103 SET TIME_ZONE='+00:00' */;
/*!40014 SET @OLD_UNIQUE_CHECKS=@@UNIQUE_CHECKS, UNIQUE_CHECKS=0 */;
/*!40014 SET @OLD_FOREIGN_KEY_CHECKS=@@FOREIGN_KEY_CHECKS, FOREIGN_KEY_CHECKS=0 */;
/*!40101 SET @OLD_SQL_MODE=@@SQL_MODE, SQL_MODE='NO_AUTO_VALUE_ON_ZERO' */;
/*!40111 SET @OLD_SQL_NOTES=@@SQL_NOTES, SQL_NOTES=0 */;

--
-- Table structure for table `auth`
--

DROP TABLE IF EXISTS `auth`;
/*!40101 SET @saved_cs_client     = @@character_set_client */;
/*!50503 SET character_set_client = utf8mb4 */;
CREATE TABLE `auth` (
  `uuid` varchar(36) NOT NULL,
  `user_uuid` varchar(36) NOT NULL,
  `ip_addrv4_remote` varchar(45) DEFAULT NULL,
  `ip_addrv6_remote` varchar(150) DEFAULT NULL,
  `remote_port` int DEFAULT NULL,
  `ip_addrv4_local` varchar(45) DEFAULT NULL,
  `ip_addrv6_local` varchar(150) DEFAULT NULL,
  `local_port` int DEFAULT NULL,
  `token` varchar(2000) NOT NULL,
  `token_expires_in` datetime NOT NULL,
  `user_agent` text NOT NULL,
  `logout_datetime` datetime DEFAULT NULL,
  `refresh_token` varchar(2000) NOT NULL,
  `refresh_token_expires_in` datetime NOT NULL,
  `creation_datetime` timestamp NULL DEFAULT CURRENT_TIMESTAMP,
  `active` tinyint NOT NULL DEFAULT '1',
  `activation_datetime` datetime DEFAULT NULL,
  `deleted` tinyint DEFAULT '0',
  `deletion_datetime` datetime DEFAULT NULL,
  `changed_datetime` datetime DEFAULT NULL,
  PRIMARY KEY (`uuid`),
  KEY `fk_authToUser_idx` (`user_uuid`),
  CONSTRAINT `fk_authToUser` FOREIGN KEY (`user_uuid`) REFERENCES `user` (`uuid`)
) ENGINE=InnoDB DEFAULT CHARSET=utf8mb3;
/*!40101 SET character_set_client = @saved_cs_client */;

--
-- Dumping data for table `auth`
--

LOCK TABLES `auth` WRITE;
/*!40000 ALTER TABLE `auth` DISABLE KEYS */;
INSERT INTO `auth` VALUES ('00b8793f-fbce-11ed-8f81-7085c294413b','b35d8651-eabb-11ed-a0f1-7085c294413b','10.100.0.200',NULL,37776,'10.100.0.200',NULL,5030,'eyJhbGciOiJIUzUxMiIsInR5cCI6IkpXVCJ9.eyJ1dWlkIjoiYjM1ZDg2NTEtZWFiYi0xMWVkLWEwZjEtNzA4NWMyOTQ0MTNiIiwidXNlciI6InJvb3RAcm9vdC5kZSIsInVzZXJfdHlwZV9pZCI6ImE1ZjMxNDJkLWVhYmItMTFlZC1hMGYxLTcwODVjMjk0NDEzYiIsImVtYWlsIjoiMDAwMDAwMDAtMDAwMC0wMDAwLTAwMDAtMDAwMDAwMDAwMDAwIiwiZXhwaXJlc190aW1lIjoiMjYuMDUuMjAyMyAxNjozMjo1MSIsImFwaV9hY2Nlc3NfZ3JhbnQiOiJGYWxzZSIsIm5iZiI6MTY4NTEwOTc3MSwiZXhwIjoxNjg1MTExNTcxLCJpYXQiOjE2ODUxMDk3NzEsImlzcyI6Imh0dHA6Ly9sb2NhbGhvc3Q6NTAxMC8iLCJhdWQiOiJodHRwOi8vbG9jYWxob3N0OjUwMTAvIn0.xxyB80V1qTbZBN_WzPq6vdyXSyZwsmX_zauQpmUVAiZFpPTc6QGDhjedr7DABFDtlgAm3eZGw-VqPdMj4nYM7Q','2023-05-26 16:32:51','RestSharp/110.2.0.0',NULL,'00b7ec10-fbce-11ed-8f81-7085c294413b','2023-05-26 17:02:51','2023-05-26 14:02:51',1,NULL,0,NULL,NULL),('01d0e7d8-0b0e-11ee-bc91-7085c294413b','b35d8651-eabb-11ed-a0f1-7085c294413b','10.100.0.200',NULL,52212,'10.100.0.200',NULL,5030,'eyJhbGciOiJIUzUxMiIsInR5cCI6IkpXVCJ9.eyJ1dWlkIjoiYjM1ZDg2NTEtZWFiYi0xMWVkLWEwZjEtNzA4NWMyOTQ0MTNiIiwidXNlciI6InJvb3RAcm9vdC5kZSIsInVzZXJfdHlwZV9pZCI6ImE1ZjMxNDJkLWVhYmItMTFlZC1hMGYxLTcwODVjMjk0NDEzYiIsImVtYWlsIjoiMDAwMDAwMDAtMDAwMC0wMDAwLTAwMDAtMDAwMDAwMDAwMDAwIiwiZXhwaXJlc190aW1lIjoiMTUuMDYuMjAyMyAwMjoxODo0NyIsInVzZXJfcm9sZSI6WyJ1c2VyIiwicm9vdCJdLCJuYmYiOjE2ODY3ODY1MjcsImV4cCI6MTY4Njc4ODMyNywiaWF0IjoxNjg2Nzg2NTI3LCJpc3MiOiJodHRwOi8vbG9jYWxob3N0OjUwMTAvIiwiYXVkIjoiaHR0cDovL2xvY2FsaG9zdDo1MDEwLyJ9.Btsy3UX8dBqMXHc-bnGZBAQm12qZLSpY0hKpXfjXmatHb-8Ja9EHfrGGCFeFv7CdiA4u8q34QVO8B3ngIJZqzg','2023-06-15 02:18:48','PostmanRuntime/7.32.2',NULL,'01d068cf-0b0e-11ee-bc91-7085c294413b','2023-06-15 02:48:48','2023-06-14 23:48:48',1,NULL,0,NULL,NULL),('01f01bfd-0a43-11ee-91fa-7085c294413b','d4368f8d-fd51-11ed-8f81-7085c294413b','10.100.0.200',NULL,4312,'10.100.0.200',NULL,5030,'eyJhbGciOiJIUzUxMiIsInR5cCI6IkpXVCJ9.eyJ1dWlkIjoiZDQzNjhmOGQtZmQ1MS0xMWVkLThmODEtNzA4NWMyOTQ0MTNiIiwidXNlciI6Im1pa2Etcm9vc0B3ZWIuZGUiLCJ1c2VyX3R5cGVfaWQiOiI3MzQwNDI1ZS1hNWI1LTExZWItYmFjMC0zMDljMjM2NGZkYjYiLCJlbWFpbCI6IjAwMDAwMDAwLTAwMDAtMDAwMC0wMDAwLTAwMDAwMDAwMDAwMCIsImV4cGlyZXNfdGltZSI6IjE0LjA2LjIwMjMgMDI6MDU6NDAiLCJuYmYiOjE2ODY2OTkzNDAsImV4cCI6MTY4NjcwMTE0MCwiaWF0IjoxNjg2Njk5MzQwLCJpc3MiOiJodHRwOi8vbG9jYWxob3N0OjUwMTAvIiwiYXVkIjoiaHR0cDovL2xvY2FsaG9zdDo1MDEwLyJ9.sC8e9p6xXf42swAHaOcC1g5DvZN72NK6HH2Cv62TwAF8dZeUr5aVRy3k8MIqaiEqYqpgiWHriwNZgAVe0gz0-A','2023-06-14 02:05:41','PostmanRuntime/7.32.2',NULL,'01ef7d77-0a43-11ee-91fa-7085c294413b','2023-06-14 02:35:41','2023-06-13 23:35:40',1,NULL,0,NULL,NULL),('05979eea-0a43-11ee-91fa-7085c294413b','b35d8651-eabb-11ed-a0f1-7085c294413b','10.100.0.200',NULL,4312,'10.100.0.200',NULL,5030,'eyJhbGciOiJIUzUxMiIsInR5cCI6IkpXVCJ9.eyJ1dWlkIjoiYjM1ZDg2NTEtZWFiYi0xMWVkLWEwZjEtNzA4NWMyOTQ0MTNiIiwidXNlciI6InJvb3RAcm9vdC5kZSIsInVzZXJfdHlwZV9pZCI6ImE1ZjMxNDJkLWVhYmItMTFlZC1hMGYxLTcwODVjMjk0NDEzYiIsImVtYWlsIjoiMDAwMDAwMDAtMDAwMC0wMDAwLTAwMDAtMDAwMDAwMDAwMDAwIiwiZXhwaXJlc190aW1lIjoiMTQuMDYuMjAyMyAwMjowNTo0NiIsInVzZXJfcm9sZSI6WyJ1c2VyIiwicm9vdCJdLCJuYmYiOjE2ODY2OTkzNDYsImV4cCI6MTY4NjcwMTE0NiwiaWF0IjoxNjg2Njk5MzQ2LCJpc3MiOiJodHRwOi8vbG9jYWxob3N0OjUwMTAvIiwiYXVkIjoiaHR0cDovL2xvY2FsaG9zdDo1MDEwLyJ9.sNMCJbkUuC-gZZS8AelkhtJgZ41Ck_n67j8eIukEhXcmA6VJuV0bFU4aPSrseurrtpvigsjY3dKzMCt9SqCdoA','2023-06-14 02:05:47','PostmanRuntime/7.32.2',NULL,'059771bc-0a43-11ee-91fa-7085c294413b','2023-06-14 02:35:47','2023-06-13 23:35:46',1,NULL,0,NULL,NULL),('0af7073b-fbf0-11ed-8f81-7085c294413b','b35d8651-eabb-11ed-a0f1-7085c294413b','10.100.0.200',NULL,14483,'10.100.0.200',NULL,5030,'eyJhbGciOiJIUzUxMiIsInR5cCI6IkpXVCJ9.eyJ1dWlkIjoiYjM1ZDg2NTEtZWFiYi0xMWVkLWEwZjEtNzA4NWMyOTQ0MTNiIiwidXNlciI6InJvb3RAcm9vdC5kZSIsInVzZXJfdHlwZV9pZCI6ImE1ZjMxNDJkLWVhYmItMTFlZC1hMGYxLTcwODVjMjk0NDEzYiIsImVtYWlsIjoiMDAwMDAwMDAtMDAwMC0wMDAwLTAwMDAtMDAwMDAwMDAwMDAwIiwiZXhwaXJlc190aW1lIjoiMjYuMDUuMjAyMyAyMDozNjozMSIsIm5iZiI6MTY4NTEyNDM5MSwiZXhwIjoxNjg1MTI2MTkxLCJpYXQiOjE2ODUxMjQzOTEsImlzcyI6Imh0dHA6Ly9sb2NhbGhvc3Q6NTAxMC8iLCJhdWQiOiJodHRwOi8vbG9jYWxob3N0OjUwMTAvIn0.ORjd6BHBSmxorZCgXEdPvDSSxreUdIzpUDVRazOLOF1YPZ3m4ZanXYyu9KA_GFCm46NlLpqvgbQLgXXWrjt5zw','2023-05-26 20:36:31','PostmanRuntime/7.29.2',NULL,'0af6d0c8-fbf0-11ed-8f81-7085c294413b','2023-05-26 21:06:31','2023-05-26 18:06:31',1,NULL,0,NULL,NULL),('0ddaa440-ff24-11ed-8f81-7085c294413b','b35d8651-eabb-11ed-a0f1-7085c294413b','10.100.0.200',NULL,9809,'10.100.0.200',NULL,5030,'eyJhbGciOiJIUzUxMiIsInR5cCI6IkpXVCJ9.eyJ1dWlkIjoiYjM1ZDg2NTEtZWFiYi0xMWVkLWEwZjEtNzA4NWMyOTQ0MTNiIiwidXNlciI6InJvb3RAcm9vdC5kZSIsInVzZXJfdHlwZV9pZCI6ImE1ZjMxNDJkLWVhYmItMTFlZC1hMGYxLTcwODVjMjk0NDEzYiIsImVtYWlsIjoiMDAwMDAwMDAtMDAwMC0wMDAwLTAwMDAtMDAwMDAwMDAwMDAwIiwiZXhwaXJlc190aW1lIjoiMzAuMDUuMjAyMyAyMjoyNjoyMyIsInVzZXJfcm9sZSI6InJvb3QiLCJuYmYiOjE2ODU0NzY1ODMsImV4cCI6MTY4NTQ3ODM4MywiaWF0IjoxNjg1NDc2NTgzLCJpc3MiOiJodHRwOi8vbG9jYWxob3N0OjUwMTAvIiwiYXVkIjoiaHR0cDovL2xvY2FsaG9zdDo1MDEwLyJ9.XHWsPYN4PxJ06gHUFnlBYxeU_A9rlykEcgSIs6Z7ymXtbnoza2hkqD63oXjJpoe0-tLkqKUDVsHGIGuiyE2GcA','2023-05-30 22:26:23','RestSharp/110.2.0.0',NULL,'0dd9fb05-ff24-11ed-8f81-7085c294413b','2023-05-30 22:56:23','2023-05-30 19:56:23',1,NULL,0,NULL,NULL),('123bba3c-fbdb-11ed-8f81-7085c294413b','b35d8651-eabb-11ed-a0f1-7085c294413b','10.100.0.200',NULL,45000,'10.100.0.200',NULL,5030,'eyJhbGciOiJIUzUxMiIsInR5cCI6IkpXVCJ9.eyJ1dWlkIjoiYjM1ZDg2NTEtZWFiYi0xMWVkLWEwZjEtNzA4NWMyOTQ0MTNiIiwidXNlciI6InJvb3RAcm9vdC5kZSIsInVzZXJfdHlwZV9pZCI6ImE1ZjMxNDJkLWVhYmItMTFlZC1hMGYxLTcwODVjMjk0NDEzYiIsImVtYWlsIjoiMDAwMDAwMDAtMDAwMC0wMDAwLTAwMDAtMDAwMDAwMDAwMDAwIiwiZXhwaXJlc190aW1lIjoiMjYuMDUuMjAyMyAxODowNjoyMyIsImFwaV9hY2Nlc3NfZ3JhbnQiOiJGYWxzZSIsIm5iZiI6MTY4NTExNTM4MywiZXhwIjoxNjg1MTE3MTgzLCJpYXQiOjE2ODUxMTUzODMsImlzcyI6Imh0dHA6Ly9sb2NhbGhvc3Q6NTAxMC8iLCJhdWQiOiJodHRwOi8vbG9jYWxob3N0OjUwMTAvIn0._N_3sNBnwMrm4V_GnwrpAkz6dCk_VXVNCpBLzYDPvGygVzwDhOFkd8dX9W9tY8NnSsDA4q_U9YHpLR3ygB_DhA','2023-05-26 18:06:23','RestSharp/110.2.0.0',NULL,'123b2411-fbdb-11ed-8f81-7085c294413b','2023-05-26 18:36:23','2023-05-26 15:36:24',1,NULL,0,NULL,NULL),('1290d533-fbdf-11ed-8f81-7085c294413b','b35d8651-eabb-11ed-a0f1-7085c294413b','10.100.0.200',NULL,28838,'10.100.0.200',NULL,5030,'eyJhbGciOiJIUzUxMiIsInR5cCI6IkpXVCJ9.eyJ1dWlkIjoiYjM1ZDg2NTEtZWFiYi0xMWVkLWEwZjEtNzA4NWMyOTQ0MTNiIiwidXNlciI6InJvb3RAcm9vdC5kZSIsInVzZXJfdHlwZV9pZCI6ImE1ZjMxNDJkLWVhYmItMTFlZC1hMGYxLTcwODVjMjk0NDEzYiIsImVtYWlsIjoiMDAwMDAwMDAtMDAwMC0wMDAwLTAwMDAtMDAwMDAwMDAwMDAwIiwiZXhwaXJlc190aW1lIjoiMjYuMDUuMjAyMyAxODozNTowMiIsImFwaV9hY2Nlc3NfZ3JhbnQiOiJGYWxzZSIsIm5iZiI6MTY4NTExNzEwMiwiZXhwIjoxNjg1MTE4OTAyLCJpYXQiOjE2ODUxMTcxMDIsImlzcyI6Imh0dHA6Ly9sb2NhbGhvc3Q6NTAxMC8iLCJhdWQiOiJodHRwOi8vbG9jYWxob3N0OjUwMTAvIn0.hmK8vJUwZRR6dGRKtg4nozry-nc-JDYhAn3tAUEy7Mty6F-jFoUTTpcXjgYNzfKWdJY9YfZYewXdH9LSiAE8vA','2023-05-26 18:35:03','PostmanRuntime/7.29.2',NULL,'129049a8-fbdf-11ed-8f81-7085c294413b','2023-05-26 19:05:03','2023-05-26 16:05:02',1,NULL,0,NULL,NULL),('133ff789-0874-11ee-b2c8-7085c294413b','b35d8651-eabb-11ed-a0f1-7085c294413b','10.100.0.200',NULL,25681,'10.100.0.200',NULL,5030,'eyJhbGciOiJIUzUxMiIsInR5cCI6IkpXVCJ9.eyJ1dWlkIjoiYjM1ZDg2NTEtZWFiYi0xMWVkLWEwZjEtNzA4NWMyOTQ0MTNiIiwidXNlciI6InJvb3RAcm9vdC5kZSIsInVzZXJfdHlwZV9pZCI6ImE1ZjMxNDJkLWVhYmItMTFlZC1hMGYxLTcwODVjMjk0NDEzYiIsImVtYWlsIjoiMDAwMDAwMDAtMDAwMC0wMDAwLTAwMDAtMDAwMDAwMDAwMDAwIiwiZXhwaXJlc190aW1lIjoiMTEuMDYuMjAyMyAxODo1MTo1MiIsInVzZXJfcm9sZSI6WyJ1c2VyIiwicm9vdCJdLCJuYmYiOjE2ODY1MDA1MTIsImV4cCI6MTY4NjUwMjMxMiwiaWF0IjoxNjg2NTAwNTEyLCJpc3MiOiJodHRwOi8vbG9jYWxob3N0OjUwMTAvIiwiYXVkIjoiaHR0cDovL2xvY2FsaG9zdDo1MDEwLyJ9.RC8HUogWmmCBAE-0hOp3Gir7DLU4e1sVheZYX8QA6exhxYUUZaHUAb-FeFj_UhcAVOoXS9wKXcpsZm8mJ2Alsw','2023-06-11 18:51:53','PostmanRuntime/7.32.2',NULL,'133f47c5-0874-11ee-b2c8-7085c294413b','2023-06-11 19:21:53','2023-06-11 16:21:52',1,NULL,0,NULL,NULL),('18cf08d3-144e-11ee-ac7f-7085c294413b','d4368f8d-fd51-11ed-8f81-7085c294413b','10.100.0.200',NULL,40243,'10.100.0.200',NULL,5030,'eyJhbGciOiJIUzUxMiIsInR5cCI6IkpXVCJ9.eyJ1dWlkIjoiZDQzNjhmOGQtZmQ1MS0xMWVkLThmODEtNzA4NWMyOTQ0MTNiIiwidXNlciI6Im1pa2Etcm9vc0B3ZWIuZGUiLCJ1c2VyX3R5cGVfaWQiOiI3MzQwNDI1ZS1hNWI1LTExZWItYmFjMC0zMDljMjM2NGZkYjYiLCJlbWFpbCI6IjAwMDAwMDAwLTAwMDAtMDAwMC0wMDAwLTAwMDAwMDAwMDAwMCIsImV4cGlyZXNfdGltZSI6IjI2LjA2LjIwMjMgMjA6NTA6MTUiLCJuYmYiOjE2ODc4MDM2MTUsImV4cCI6MTY4NzgwNTQxNSwiaWF0IjoxNjg3ODAzNjE1LCJpc3MiOiJodHRwOi8vbG9jYWxob3N0OjUwMTAvIiwiYXVkIjoiaHR0cDovL2xvY2FsaG9zdDo1MDEwLyJ9.FXbtxP6BYZmiU7cwwr6kusDivMMNkA8cDeROpd2E7jiNLnuX14vS-Gs43fRfl2uT2JLGszCEK_b5LiIEwwf58g','2023-06-26 20:50:15','PostmanRuntime/7.32.3',NULL,'18cecea6-144e-11ee-ac7f-7085c294413b','2023-06-26 21:20:15','2023-06-26 18:20:15',1,NULL,0,NULL,NULL),('23956b73-1469-11ee-ac7f-7085c294413b','b35d8651-eabb-11ed-a0f1-7085c294413b','10.100.0.200',NULL,43001,'10.100.0.200',NULL,5030,'eyJhbGciOiJIUzUxMiIsInR5cCI6IkpXVCJ9.eyJ1dWlkIjoiYjM1ZDg2NTEtZWFiYi0xMWVkLWEwZjEtNzA4NWMyOTQ0MTNiIiwidXNlciI6InJvb3RAcm9vdC5kZSIsInVzZXJfdHlwZV9pZCI6ImE1ZjMxNDJkLWVhYmItMTFlZC1hMGYxLTcwODVjMjk0NDEzYiIsImVtYWlsIjoiMDAwMDAwMDAtMDAwMC0wMDAwLTAwMDAtMDAwMDAwMDAwMDAwIiwiZXhwaXJlc190aW1lIjoiMjcuMDYuMjAyMyAwMDowMzo0OSIsInVzZXJfcm9sZSI6WyJ1c2VyIiwicm9vdCJdLCJuYmYiOjE2ODc4MTUyMjksImV4cCI6MTY4NzgxNzAyOSwiaWF0IjoxNjg3ODE1MjI5LCJpc3MiOiJodHRwOi8vbG9jYWxob3N0OjUwMTAvIiwiYXVkIjoiaHR0cDovL2xvY2FsaG9zdDo1MDEwLyJ9.d-d1kEmhK1cfkZSNfYRg5sb4_vl0N2W9bNetnygl1jR-3fyfCsFn3a_fUWA-Xf8ax4WVdsFTnUNAMl0Uk5XF8w','2023-06-27 00:03:50','PostmanRuntime/7.32.3',NULL,'2394ee1a-1469-11ee-ac7f-7085c294413b','2023-06-27 00:33:50','2023-06-26 21:33:49',1,NULL,0,NULL,NULL),('24a1c4d7-fc53-11ed-8f81-7085c294413b','b35d8651-eabb-11ed-a0f1-7085c294413b','10.100.0.200',NULL,26511,'10.100.0.200',NULL,5030,'eyJhbGciOiJIUzUxMiIsInR5cCI6IkpXVCJ9.eyJ1dWlkIjoiYjM1ZDg2NTEtZWFiYi0xMWVkLWEwZjEtNzA4NWMyOTQ0MTNiIiwidXNlciI6InJvb3RAcm9vdC5kZSIsInVzZXJfdHlwZV9pZCI6ImE1ZjMxNDJkLWVhYmItMTFlZC1hMGYxLTcwODVjMjk0NDEzYiIsImVtYWlsIjoiMDAwMDAwMDAtMDAwMC0wMDAwLTAwMDAtMDAwMDAwMDAwMDAwIiwiZXhwaXJlc190aW1lIjoiMjcuMDUuMjAyMyAwODoyNTo1NCIsInVzZXJfcm9sZSI6InJvb3QiLCJuYmYiOjE2ODUxNjY5NTQsImV4cCI6MTY4NTE2ODc1NCwiaWF0IjoxNjg1MTY2OTU0LCJpc3MiOiJodHRwOi8vbG9jYWxob3N0OjUwMTAvIiwiYXVkIjoiaHR0cDovL2xvY2FsaG9zdDo1MDEwLyJ9.4nnnZzvZl2xKjG8EcJBL6wBtYzfQO96Ry1wO2K24X7AlrJz5syQeRR1y-LmmVbsBrWCMTzlGSSQRtWH3zxH6Rg','2023-05-27 08:25:54','RestSharp/110.2.0.0',NULL,'24a13b9a-fc53-11ed-8f81-7085c294413b','2023-05-27 08:55:54','2023-05-27 05:55:54',1,NULL,0,NULL,NULL),('2677ef54-0845-11ee-b2c8-7085c294413b','b35d8651-eabb-11ed-a0f1-7085c294413b','10.100.0.200',NULL,18430,'10.100.0.200',NULL,5030,'eyJhbGciOiJIUzUxMiIsInR5cCI6IkpXVCJ9.eyJ1dWlkIjoiYjM1ZDg2NTEtZWFiYi0xMWVkLWEwZjEtNzA4NWMyOTQ0MTNiIiwidXNlciI6InJvb3RAcm9vdC5kZSIsInVzZXJfdHlwZV9pZCI6ImE1ZjMxNDJkLWVhYmItMTFlZC1hMGYxLTcwODVjMjk0NDEzYiIsImVtYWlsIjoiMDAwMDAwMDAtMDAwMC0wMDAwLTAwMDAtMDAwMDAwMDAwMDAwIiwiZXhwaXJlc190aW1lIjoiMTEuMDYuMjAyMyAxMzoxNTo1OCIsInVzZXJfcm9sZSI6InJvb3QiLCJuYmYiOjE2ODY0ODAzNTgsImV4cCI6MTY4NjQ4MjE1OCwiaWF0IjoxNjg2NDgwMzU4LCJpc3MiOiJodHRwOi8vbG9jYWxob3N0OjUwMTAvIiwiYXVkIjoiaHR0cDovL2xvY2FsaG9zdDo1MDEwLyJ9.Q9-kcGe2SZbQdb-eq59jq-X1PA2oNcZzsShtVFgPnEx9Pue933g-2torXXNoG6KT8vpJzvCQdry5bD_1btY74Q','2023-06-11 13:15:59','PostmanRuntime/7.32.2',NULL,'267763d9-0845-11ee-b2c8-7085c294413b','2023-06-11 13:45:59','2023-06-11 10:45:58',1,NULL,0,NULL,NULL),('28a8fcfe-ff24-11ed-8f81-7085c294413b','b35d8651-eabb-11ed-a0f1-7085c294413b','10.100.0.200',NULL,9809,'10.100.0.200',NULL,5030,'eyJhbGciOiJIUzUxMiIsInR5cCI6IkpXVCJ9.eyJ1dWlkIjoiYjM1ZDg2NTEtZWFiYi0xMWVkLWEwZjEtNzA4NWMyOTQ0MTNiIiwidXNlciI6InJvb3RAcm9vdC5kZSIsInVzZXJfdHlwZV9pZCI6ImE1ZjMxNDJkLWVhYmItMTFlZC1hMGYxLTcwODVjMjk0NDEzYiIsImVtYWlsIjoiMDAwMDAwMDAtMDAwMC0wMDAwLTAwMDAtMDAwMDAwMDAwMDAwIiwiZXhwaXJlc190aW1lIjoiMzAuMDUuMjAyMyAyMjoyNzowOCIsInVzZXJfcm9sZSI6InJvb3QiLCJuYmYiOjE2ODU0NzY2MjgsImV4cCI6MTY4NTQ3ODQyOCwiaWF0IjoxNjg1NDc2NjI4LCJpc3MiOiJodHRwOi8vbG9jYWxob3N0OjUwMTAvIiwiYXVkIjoiaHR0cDovL2xvY2FsaG9zdDo1MDEwLyJ9.wXw5VSiOAYQ9fCa-bxLYd8faRBX7JWgsWAsRZMRpGLBRVircdU9X_Vw8ed5oQtItdzhNYwksOvswYq9wqq-mLQ','2023-05-30 22:27:08','RestSharp/110.2.0.0',NULL,'28a8bf2f-ff24-11ed-8f81-7085c294413b','2023-05-30 22:57:08','2023-05-30 19:57:08',1,NULL,0,NULL,NULL),('29d93021-fbee-11ed-8f81-7085c294413b','b35d8651-eabb-11ed-a0f1-7085c294413b','10.100.0.200',NULL,13386,'10.100.0.200',NULL,5030,'eyJhbGciOiJIUzUxMiIsInR5cCI6IkpXVCJ9.eyJ1dWlkIjoiYjM1ZDg2NTEtZWFiYi0xMWVkLWEwZjEtNzA4NWMyOTQ0MTNiIiwidXNlciI6InJvb3RAcm9vdC5kZSIsInVzZXJfdHlwZV9pZCI6ImE1ZjMxNDJkLWVhYmItMTFlZC1hMGYxLTcwODVjMjk0NDEzYiIsImVtYWlsIjoiMDAwMDAwMDAtMDAwMC0wMDAwLTAwMDAtMDAwMDAwMDAwMDAwIiwiZXhwaXJlc190aW1lIjoiMjYuMDUuMjAyMyAyMDoyMzowNCIsInJvbGUiOiJyb290IiwibmJmIjoxNjg1MTIzNTg0LCJleHAiOjE2ODUxMjUzODQsImlhdCI6MTY4NTEyMzU4NCwiaXNzIjoiaHR0cDovL2xvY2FsaG9zdDo1MDEwLyIsImF1ZCI6Imh0dHA6Ly9sb2NhbGhvc3Q6NTAxMC8ifQ.r3dm7siQchYyWYSQz4dI632H_xhtt6fj_tw8sSTOPOxuXOqYV8ij2rVQm4p4jK3JsNE-PGL1dwTxZLwvcTuXgw','2023-05-26 20:23:04','PostmanRuntime/7.29.2',NULL,'29d89bd1-fbee-11ed-8f81-7085c294413b','2023-05-26 20:53:04','2023-05-26 17:53:04',1,NULL,0,NULL,NULL),('2e5ec757-fbce-11ed-8f81-7085c294413b','b35d8651-eabb-11ed-a0f1-7085c294413b','10.100.0.200',NULL,38240,'10.100.0.200',NULL,5030,'eyJhbGciOiJIUzUxMiIsInR5cCI6IkpXVCJ9.eyJ1dWlkIjoiYjM1ZDg2NTEtZWFiYi0xMWVkLWEwZjEtNzA4NWMyOTQ0MTNiIiwidXNlciI6InJvb3RAcm9vdC5kZSIsInVzZXJfdHlwZV9pZCI6ImE1ZjMxNDJkLWVhYmItMTFlZC1hMGYxLTcwODVjMjk0NDEzYiIsImVtYWlsIjoiMDAwMDAwMDAtMDAwMC0wMDAwLTAwMDAtMDAwMDAwMDAwMDAwIiwiZXhwaXJlc190aW1lIjoiMjYuMDUuMjAyMyAxNjozNDowNyIsImFwaV9hY2Nlc3NfZ3JhbnQiOiJGYWxzZSIsIm5iZiI6MTY4NTEwOTg0NywiZXhwIjoxNjg1MTExNjQ3LCJpYXQiOjE2ODUxMDk4NDcsImlzcyI6Imh0dHA6Ly9sb2NhbGhvc3Q6NTAxMC8iLCJhdWQiOiJodHRwOi8vbG9jYWxob3N0OjUwMTAvIn0.1ixV61N1q902_6TIztKRqOL469k2kCsRH_RbQPcX7INUizt4IlPLtc0dIm13FUpivXq1dbuf6we4aPhgko4bLQ','2023-05-26 16:34:08','RestSharp/110.2.0.0',NULL,'2e5e219e-fbce-11ed-8f81-7085c294413b','2023-05-26 17:04:08','2023-05-26 14:04:07',1,NULL,0,NULL,NULL),('2f183548-fbec-11ed-8f81-7085c294413b','b35d8651-eabb-11ed-a0f1-7085c294413b','10.100.0.200',NULL,11610,'10.100.0.200',NULL,5030,'eyJhbGciOiJIUzUxMiIsInR5cCI6IkpXVCJ9.eyJ1dWlkIjoiYjM1ZDg2NTEtZWFiYi0xMWVkLWEwZjEtNzA4NWMyOTQ0MTNiIiwidXNlciI6InJvb3RAcm9vdC5kZSIsInVzZXJfdHlwZV9pZCI6ImE1ZjMxNDJkLWVhYmItMTFlZC1hMGYxLTcwODVjMjk0NDEzYiIsImVtYWlsIjoiMDAwMDAwMDAtMDAwMC0wMDAwLTAwMDAtMDAwMDAwMDAwMDAwIiwiZXhwaXJlc190aW1lIjoiMjYuMDUuMjAyMyAyMDowODo1MyIsInJvbGUiOiJyb290IiwibmJmIjoxNjg1MTIyNzMzLCJleHAiOjE2ODUxMjQ1MzMsImlhdCI6MTY4NTEyMjczMywiaXNzIjoiaHR0cDovL2xvY2FsaG9zdDo1MDEwLyIsImF1ZCI6Imh0dHA6Ly9sb2NhbGhvc3Q6NTAxMC8ifQ.Zj7Ww-R0E_FMFDHo6UEZz_sL0b-sv6NfRPP_i722N8qMnAFZOb9Xa3n3SzC4HjeZE0UbMCz0KjMCRhsUNTbrBg','2023-05-26 20:08:54','PostmanRuntime/7.29.2',NULL,'2f179fb6-fbec-11ed-8f81-7085c294413b','2023-05-26 20:38:54','2023-05-26 17:38:53',1,NULL,0,NULL,NULL),('3151c164-1449-11ee-ac7f-7085c294413b','b35d8651-eabb-11ed-a0f1-7085c294413b','10.100.0.200',NULL,39747,'10.100.0.200',NULL,5030,'eyJhbGciOiJIUzUxMiIsInR5cCI6IkpXVCJ9.eyJ1dWlkIjoiYjM1ZDg2NTEtZWFiYi0xMWVkLWEwZjEtNzA4NWMyOTQ0MTNiIiwidXNlciI6InJvb3RAcm9vdC5kZSIsInVzZXJfdHlwZV9pZCI6ImE1ZjMxNDJkLWVhYmItMTFlZC1hMGYxLTcwODVjMjk0NDEzYiIsImVtYWlsIjoiMDAwMDAwMDAtMDAwMC0wMDAwLTAwMDAtMDAwMDAwMDAwMDAwIiwiZXhwaXJlc190aW1lIjoiMjYuMDYuMjAyMyAyMDoxNTowOCIsInVzZXJfcm9sZSI6WyJ1c2VyIiwicm9vdCJdLCJuYmYiOjE2ODc4MDE1MDgsImV4cCI6MTY4NzgwMzMwOCwiaWF0IjoxNjg3ODAxNTA4LCJpc3MiOiJodHRwOi8vbG9jYWxob3N0OjUwMTAvIiwiYXVkIjoiaHR0cDovL2xvY2FsaG9zdDo1MDEwLyJ9.3r6rT-zBvnwqABge53KD570ETC_TTFVmnxA2eTTwqX5rM5pDMbCU0_Ui8FF3uyRMOJ_t0AqH9SMYX2hDrP2nzg','2023-06-26 20:15:08','PostmanRuntime/7.32.3',NULL,'31514438-1449-11ee-ac7f-7085c294413b','2023-06-26 20:45:08','2023-06-26 17:45:08',1,NULL,0,NULL,NULL),('44fe9217-fbcd-11ed-8f81-7085c294413b','b35d8651-eabb-11ed-a0f1-7085c294413b','10.100.0.200',NULL,37385,'10.100.0.200',NULL,5030,'eyJhbGciOiJIUzUxMiIsInR5cCI6IkpXVCJ9.eyJ1dWlkIjoiYjM1ZDg2NTEtZWFiYi0xMWVkLWEwZjEtNzA4NWMyOTQ0MTNiIiwidXNlciI6InJvb3RAcm9vdC5kZSIsInVzZXJfdHlwZV9pZCI6ImE1ZjMxNDJkLWVhYmItMTFlZC1hMGYxLTcwODVjMjk0NDEzYiIsImVtYWlsIjoiMDAwMDAwMDAtMDAwMC0wMDAwLTAwMDAtMDAwMDAwMDAwMDAwIiwiZXhwaXJlc190aW1lIjoiMjYuMDUuMjAyMyAxNjoyNzozNSIsImFwaV9hY2Nlc3NfZ3JhbnQiOiJGYWxzZSIsIm5iZiI6MTY4NTEwOTQ1NSwiZXhwIjoxNjg1MTExMjU1LCJpYXQiOjE2ODUxMDk0NTUsImlzcyI6Imh0dHA6Ly9sb2NhbGhvc3Q6NTAxMC8iLCJhdWQiOiJodHRwOi8vbG9jYWxob3N0OjUwMTAvIn0.i2wAiDgUU6zgIBV1t12c9Nm780SlYpMi0sV9q9LJPq65NhkuuTgjC_giOymeFD77EFOqibQLQ4-7EZNYezmhAg','2023-05-26 16:27:36','RestSharp/110.2.0.0',NULL,'44fdf25b-fbcd-11ed-8f81-7085c294413b','2023-05-26 16:57:36','2023-05-26 13:57:36',1,NULL,0,NULL,NULL),('49ac454e-0ed9-11ee-8d2a-7085c294413b','b35d8651-eabb-11ed-a0f1-7085c294413b','10.100.0.200',NULL,25036,'10.100.0.200',NULL,5030,'eyJhbGciOiJIUzUxMiIsInR5cCI6IkpXVCJ9.eyJ1dWlkIjoiYjM1ZDg2NTEtZWFiYi0xMWVkLWEwZjEtNzA4NWMyOTQ0MTNiIiwidXNlciI6InJvb3RAcm9vdC5kZSIsInVzZXJfdHlwZV9pZCI6ImE1ZjMxNDJkLWVhYmItMTFlZC1hMGYxLTcwODVjMjk0NDEzYiIsImVtYWlsIjoiMDAwMDAwMDAtMDAwMC0wMDAwLTAwMDAtMDAwMDAwMDAwMDAwIiwiZXhwaXJlc190aW1lIjoiMTkuMDYuMjAyMyAyMjoxMToyNyIsInVzZXJfcm9sZSI6WyJ1c2VyIiwicm9vdCJdLCJuYmYiOjE2ODcyMDM2ODgsImV4cCI6MTY4NzIwNTQ4NywiaWF0IjoxNjg3MjAzNjg4LCJpc3MiOiJodHRwOi8vbG9jYWxob3N0OjUwMTAvIiwiYXVkIjoiaHR0cDovL2xvY2FsaG9zdDo1MDEwLyJ9.F8bbUeA5pHbsh4CbS_Qr3noxgjXaYEp70wjmHXa0lWSr7mNj6-PRjtOJBn0XI19_6ZmIntvQK66luuIxzbrA-Q','2023-06-19 22:11:28','PostmanRuntime/7.32.2',NULL,'49ab9ff8-0ed9-11ee-8d2a-7085c294413b','2023-06-19 22:41:28','2023-06-19 19:41:30',1,NULL,0,NULL,NULL),('4dfd37cf-fc1b-11ed-8f81-7085c294413b','b35d8651-eabb-11ed-a0f1-7085c294413b','10.100.0.200',NULL,48959,'10.100.0.200',NULL,5030,'eyJhbGciOiJIUzUxMiIsInR5cCI6IkpXVCJ9.eyJ1dWlkIjoiYjM1ZDg2NTEtZWFiYi0xMWVkLWEwZjEtNzA4NWMyOTQ0MTNiIiwidXNlciI6InJvb3RAcm9vdC5kZSIsInVzZXJfdHlwZV9pZCI6ImE1ZjMxNDJkLWVhYmItMTFlZC1hMGYxLTcwODVjMjk0NDEzYiIsImVtYWlsIjoiMDAwMDAwMDAtMDAwMC0wMDAwLTAwMDAtMDAwMDAwMDAwMDAwIiwiZXhwaXJlc190aW1lIjoiMjcuMDUuMjAyMyAwMTo0NjoxMSIsInVzZXJfcm9sZSI6InJvb3QiLCJuYmYiOjE2ODUxNDI5NzEsImV4cCI6MTY4NTE0NDc3MSwiaWF0IjoxNjg1MTQyOTcxLCJpc3MiOiJodHRwOi8vbG9jYWxob3N0OjUwMTAvIiwiYXVkIjoiaHR0cDovL2xvY2FsaG9zdDo1MDEwLyJ9.G35rrmxIJv-Ypkt3zUhGNXsm0aGIIAxB2hFqe5H2ISo-ZA-8x-FNWOSeZCJa5Y6c3JZ5g12w9rcRKwn9nxQUVw','2023-05-27 01:46:11','PostmanRuntime/7.29.2',NULL,'4dfcadd9-fc1b-11ed-8f81-7085c294413b','2023-05-27 02:16:11','2023-05-26 23:16:12',1,NULL,0,NULL,NULL),('4fc3b856-fc53-11ed-8f81-7085c294413b','b35d8651-eabb-11ed-a0f1-7085c294413b','10.100.0.200',NULL,26719,'10.100.0.200',NULL,5030,'eyJhbGciOiJIUzUxMiIsInR5cCI6IkpXVCJ9.eyJ1dWlkIjoiYjM1ZDg2NTEtZWFiYi0xMWVkLWEwZjEtNzA4NWMyOTQ0MTNiIiwidXNlciI6InJvb3RAcm9vdC5kZSIsInVzZXJfdHlwZV9pZCI6ImE1ZjMxNDJkLWVhYmItMTFlZC1hMGYxLTcwODVjMjk0NDEzYiIsImVtYWlsIjoiMDAwMDAwMDAtMDAwMC0wMDAwLTAwMDAtMDAwMDAwMDAwMDAwIiwiZXhwaXJlc190aW1lIjoiMjcuMDUuMjAyMyAwODoyNzowNiIsInVzZXJfcm9sZSI6InJvb3QiLCJuYmYiOjE2ODUxNjcwMjYsImV4cCI6MTY4NTE2ODgyNiwiaWF0IjoxNjg1MTY3MDI2LCJpc3MiOiJodHRwOi8vbG9jYWxob3N0OjUwMTAvIiwiYXVkIjoiaHR0cDovL2xvY2FsaG9zdDo1MDEwLyJ9.eY_OA8OBGJbHEiKkP1ZXi1KoYuEb5JPwPZxPak7RO4WfO9K69256LEX2xTGVxLXEo4Hh2rIBwCtXAAbyCV9-WA','2023-05-27 08:27:07','RestSharp/110.2.0.0',NULL,'4fc32cb4-fc53-11ed-8f81-7085c294413b','2023-05-27 08:57:07','2023-05-27 05:57:06',1,NULL,0,NULL,NULL),('5baf731a-0a39-11ee-91fa-7085c294413b','b35d8651-eabb-11ed-a0f1-7085c294413b','10.100.0.200',NULL,3256,'10.100.0.200',NULL,5030,'eyJhbGciOiJIUzUxMiIsInR5cCI6IkpXVCJ9.eyJ1dWlkIjoiYjM1ZDg2NTEtZWFiYi0xMWVkLWEwZjEtNzA4NWMyOTQ0MTNiIiwidXNlciI6InJvb3RAcm9vdC5kZSIsInVzZXJfdHlwZV9pZCI6ImE1ZjMxNDJkLWVhYmItMTFlZC1hMGYxLTcwODVjMjk0NDEzYiIsImVtYWlsIjoiMDAwMDAwMDAtMDAwMC0wMDAwLTAwMDAtMDAwMDAwMDAwMDAwIiwiZXhwaXJlc190aW1lIjoiMTQuMDYuMjAyMyAwMDo1NjozNiIsInVzZXJfcm9sZSI6WyJ1c2VyIiwicm9vdCJdLCJuYmYiOjE2ODY2OTUxOTYsImV4cCI6MTY4NjY5Njk5NiwiaWF0IjoxNjg2Njk1MTk2LCJpc3MiOiJodHRwOi8vbG9jYWxob3N0OjUwMTAvIiwiYXVkIjoiaHR0cDovL2xvY2FsaG9zdDo1MDEwLyJ9.kvjpPA_uzHwVU2QQE7KbLLOGG8DMesK6DRQ0BjPsz96a_xqaIMQ-pAY3Z8H7wiM51xnguSL2SWfoz9UkAahmEg','2023-06-14 00:56:36','PostmanRuntime/7.32.2',NULL,'5baebde1-0a39-11ee-91fa-7085c294413b','2023-06-14 01:26:36','2023-06-13 22:26:36',1,NULL,0,NULL,NULL),('5cab7a56-0f8f-11ee-a321-7085c294413b','b35d8651-eabb-11ed-a0f1-7085c294413b','10.100.0.200',NULL,51284,'10.100.0.200',NULL,5030,'eyJhbGciOiJIUzUxMiIsInR5cCI6IkpXVCJ9.eyJ1dWlkIjoiYjM1ZDg2NTEtZWFiYi0xMWVkLWEwZjEtNzA4NWMyOTQ0MTNiIiwidXNlciI6InJvb3RAcm9vdC5kZSIsInVzZXJfdHlwZV9pZCI6ImE1ZjMxNDJkLWVhYmItMTFlZC1hMGYxLTcwODVjMjk0NDEzYiIsImVtYWlsIjoiMDAwMDAwMDAtMDAwMC0wMDAwLTAwMDAtMDAwMDAwMDAwMDAwIiwiZXhwaXJlc190aW1lIjoiMjAuMDYuMjAyMyAxOTo1NDo0OSIsInVzZXJfcm9sZSI6WyJ1c2VyIiwicm9vdCJdLCJuYmYiOjE2ODcyODE4OTAsImV4cCI6MTY4NzI4MzY4OSwiaWF0IjoxNjg3MjgxODkwLCJpc3MiOiJodHRwOi8vbG9jYWxob3N0OjUwMTAvIiwiYXVkIjoiaHR0cDovL2xvY2FsaG9zdDo1MDEwLyJ9.GGoeobBfdKEKM6D2rvYIDcNi3Y9GU5RdMgq7dTDzwnTu6uh0cJn6ZfPA7boqpwDji4iH62Yl3yKvoWuwvt910Q','2023-06-20 19:54:50','PostmanRuntime/7.32.3',NULL,'5caad71c-0f8f-11ee-a321-7085c294413b','2023-06-20 20:24:50','2023-06-20 17:24:50',1,NULL,0,NULL,NULL),('5e4afbad-fbce-11ed-8f81-7085c294413b','b35d8651-eabb-11ed-a0f1-7085c294413b','10.100.0.200',NULL,38426,'10.100.0.200',NULL,5030,'eyJhbGciOiJIUzUxMiIsInR5cCI6IkpXVCJ9.eyJ1dWlkIjoiYjM1ZDg2NTEtZWFiYi0xMWVkLWEwZjEtNzA4NWMyOTQ0MTNiIiwidXNlciI6InJvb3RAcm9vdC5kZSIsInVzZXJfdHlwZV9pZCI6ImE1ZjMxNDJkLWVhYmItMTFlZC1hMGYxLTcwODVjMjk0NDEzYiIsImVtYWlsIjoiMDAwMDAwMDAtMDAwMC0wMDAwLTAwMDAtMDAwMDAwMDAwMDAwIiwiZXhwaXJlc190aW1lIjoiMjYuMDUuMjAyMyAxNjozNToyOCIsImFwaV9hY2Nlc3NfZ3JhbnQiOiJGYWxzZSIsIm5iZiI6MTY4NTEwOTkyOCwiZXhwIjoxNjg1MTExNzI4LCJpYXQiOjE2ODUxMDk5MjgsImlzcyI6Imh0dHA6Ly9sb2NhbGhvc3Q6NTAxMC8iLCJhdWQiOiJodHRwOi8vbG9jYWxob3N0OjUwMTAvIn0.fR_kdVI27a9W7swGJsEEkARizOg7v6KNYUdsFLHZrfh5K6NnexfaSP6ec274GpxwF5g0rK-C8pEDySoN1PB30w','2023-05-26 16:35:28','RestSharp/110.2.0.0',NULL,'5e4a702d-fbce-11ed-8f81-7085c294413b','2023-05-26 17:05:28','2023-05-26 14:05:28',1,NULL,0,NULL,NULL),('61108938-f7db-11ed-bc06-7085c294413b','b35d8651-eabb-11ed-a0f1-7085c294413b','10.100.0.200',NULL,16249,'10.100.0.200',NULL,5030,'eyJhbGciOiJIUzUxMiIsInR5cCI6IkpXVCJ9.eyJ1dWlkIjoiYjM1ZDg2NTEtZWFiYi0xMWVkLWEwZjEtNzA4NWMyOTQ0MTNiIiwidXNlciI6InJvb3RAcm9vdC5kZSIsInVzZXJfdHlwZV9pZCI6ImE1ZjMxNDJkLWVhYmItMTFlZC1hMGYxLTcwODVjMjk0NDEzYiIsImVtYWlsIjoiMDAwMDAwMDAtMDAwMC0wMDAwLTAwMDAtMDAwMDAwMDAwMDAwIiwiZXhwaXJlc190aW1lIjoiMjEuMDUuMjAyMyAxNTo1ODozMSIsImFwaV9hY2Nlc3NfZ3JhbnQiOiJGYWxzZSIsIm5iZiI6MTY4NDY3NTcxMSwiZXhwIjoxNjg0Njc3NTExLCJpYXQiOjE2ODQ2NzU3MTEsImlzcyI6Imh0dHA6Ly9sb2NhbGhvc3Q6NTAxMC8iLCJhdWQiOiJodHRwOi8vbG9jYWxob3N0OjUwMTAvIn0.AzbbsPyi8cT1nmC0gt8ikzjOI8WTRxsBQGnGknQqWYM2d1unjU8N40CzKBdOI-7_mmSe1EI-5bUFGw8NUrHQ7A','2023-05-21 15:58:31','RestSharp/110.2.0.0',NULL,'610fe38a-f7db-11ed-bc06-7085c294413b','2023-05-21 16:28:31','2023-05-21 13:28:31',1,NULL,0,NULL,NULL),('612715f7-0b0e-11ee-bc91-7085c294413b','b35d8651-eabb-11ed-a0f1-7085c294413b','10.100.0.200',NULL,52348,'10.100.0.200',NULL,5030,'eyJhbGciOiJIUzUxMiIsInR5cCI6IkpXVCJ9.eyJ1dWlkIjoiYjM1ZDg2NTEtZWFiYi0xMWVkLWEwZjEtNzA4NWMyOTQ0MTNiIiwidXNlciI6InJvb3RAcm9vdC5kZSIsInVzZXJfdHlwZV9pZCI6ImE1ZjMxNDJkLWVhYmItMTFlZC1hMGYxLTcwODVjMjk0NDEzYiIsImVtYWlsIjoiMDAwMDAwMDAtMDAwMC0wMDAwLTAwMDAtMDAwMDAwMDAwMDAwIiwiZXhwaXJlc190aW1lIjoiMTUuMDYuMjAyMyAwMjoyMToyOCIsInVzZXJfcm9sZSI6WyJ1c2VyIiwicm9vdCJdLCJuYmYiOjE2ODY3ODY2ODgsImV4cCI6MTY4Njc4ODQ4OCwiaWF0IjoxNjg2Nzg2Njg4LCJpc3MiOiJodHRwOi8vbG9jYWxob3N0OjUwMTAvIiwiYXVkIjoiaHR0cDovL2xvY2FsaG9zdDo1MDEwLyJ9.tREY8jTcu5a8nfA11V7LURtMDTOzRrCOjpUOs1H6vIUPp3AdRanpihv-C9YrJnPkeJsXloIfpcw8Qk5Z2RBBqQ','2023-06-15 02:21:28','PostmanRuntime/7.32.2',NULL,'61266fdd-0b0e-11ee-bc91-7085c294413b','2023-06-15 02:51:28','2023-06-14 23:51:28',1,NULL,0,NULL,NULL),('620575fb-0a39-11ee-91fa-7085c294413b','d4368f8d-fd51-11ed-8f81-7085c294413b','10.100.0.200',NULL,3256,'10.100.0.200',NULL,5030,'eyJhbGciOiJIUzUxMiIsInR5cCI6IkpXVCJ9.eyJ1dWlkIjoiZDQzNjhmOGQtZmQ1MS0xMWVkLThmODEtNzA4NWMyOTQ0MTNiIiwidXNlciI6Im1pa2Etcm9vc0B3ZWIuZGUiLCJ1c2VyX3R5cGVfaWQiOiI3MzQwNDI1ZS1hNWI1LTExZWItYmFjMC0zMDljMjM2NGZkYjYiLCJlbWFpbCI6IjAwMDAwMDAwLTAwMDAtMDAwMC0wMDAwLTAwMDAwMDAwMDAwMCIsImV4cGlyZXNfdGltZSI6IjE0LjA2LjIwMjMgMDA6NTY6NDYiLCJuYmYiOjE2ODY2OTUyMDYsImV4cCI6MTY4NjY5NzAwNiwiaWF0IjoxNjg2Njk1MjA2LCJpc3MiOiJodHRwOi8vbG9jYWxob3N0OjUwMTAvIiwiYXVkIjoiaHR0cDovL2xvY2FsaG9zdDo1MDEwLyJ9.BG7qTc-68_ODDj9MxidVGFChSFg_ROJmQIPLsnTGp3k3LZ92jebyYKgILaJaGuCi_Rsd8K4MZnvNo-MQaltnZw','2023-06-14 00:56:47','PostmanRuntime/7.32.2',NULL,'62054c25-0a39-11ee-91fa-7085c294413b','2023-06-14 01:26:47','2023-06-13 22:26:46',1,NULL,0,NULL,NULL),('65b44776-fc51-11ed-8f81-7085c294413b','b35d8651-eabb-11ed-a0f1-7085c294413b','10.100.0.200',NULL,25391,'10.100.0.200',NULL,5030,'eyJhbGciOiJIUzUxMiIsInR5cCI6IkpXVCJ9.eyJ1dWlkIjoiYjM1ZDg2NTEtZWFiYi0xMWVkLWEwZjEtNzA4NWMyOTQ0MTNiIiwidXNlciI6InJvb3RAcm9vdC5kZSIsInVzZXJfdHlwZV9pZCI6ImE1ZjMxNDJkLWVhYmItMTFlZC1hMGYxLTcwODVjMjk0NDEzYiIsImVtYWlsIjoiMDAwMDAwMDAtMDAwMC0wMDAwLTAwMDAtMDAwMDAwMDAwMDAwIiwiZXhwaXJlc190aW1lIjoiMjcuMDUuMjAyMyAwODoxMzoyNCIsInVzZXJfcm9sZSI6InJvb3QiLCJuYmYiOjE2ODUxNjYyMDQsImV4cCI6MTY4NTE2ODAwNCwiaWF0IjoxNjg1MTY2MjA0LCJpc3MiOiJodHRwOi8vbG9jYWxob3N0OjUwMTAvIiwiYXVkIjoiaHR0cDovL2xvY2FsaG9zdDo1MDEwLyJ9.7dTDDHIJmfyFNm9oxn0Fp0VfYmdX_rvNtgj06YlvdclfrxY72fYYEIZ8q6H6KNlMx2n_hPJRUPpHD1rW7WVIGQ','2023-05-27 08:13:25','RestSharp/110.2.0.0',NULL,'65b39f0a-fc51-11ed-8f81-7085c294413b','2023-05-27 08:43:25','2023-05-27 05:43:24',1,NULL,0,NULL,NULL),('673e9235-fc05-11ed-8f81-7085c294413b','b35d8651-eabb-11ed-a0f1-7085c294413b','10.100.0.200',NULL,31397,'10.100.0.200',NULL,5030,'eyJhbGciOiJIUzUxMiIsInR5cCI6IkpXVCJ9.eyJ1dWlkIjoiYjM1ZDg2NTEtZWFiYi0xMWVkLWEwZjEtNzA4NWMyOTQ0MTNiIiwidXNlciI6InJvb3RAcm9vdC5kZSIsInVzZXJfdHlwZV9pZCI6ImE1ZjMxNDJkLWVhYmItMTFlZC1hMGYxLTcwODVjMjk0NDEzYiIsImVtYWlsIjoiMDAwMDAwMDAtMDAwMC0wMDAwLTAwMDAtMDAwMDAwMDAwMDAwIiwiZXhwaXJlc190aW1lIjoiMjYuMDUuMjAyMyAyMzowOToyNCIsInVzZXJfcm9sZSI6InJvb3QiLCJuYmYiOjE2ODUxMzM1NjUsImV4cCI6MTY4NTEzNTM2NCwiaWF0IjoxNjg1MTMzNTY1LCJpc3MiOiJodHRwOi8vbG9jYWxob3N0OjUwMTAvIiwiYXVkIjoiaHR0cDovL2xvY2FsaG9zdDo1MDEwLyJ9.--7uCWrlqMt6UDge8Wk8IDRIi2BypK740mSIGLa1Ck98FJkRVQgYNMHbUXtNqf6rklPADUBJ4LgbI08rdnLLDw','2023-05-26 23:09:25','RestSharp/110.2.0.0',NULL,'673e039e-fc05-11ed-8f81-7085c294413b','2023-05-26 23:39:25','2023-05-26 20:39:25',1,NULL,0,NULL,NULL),('69a0e2c5-049e-11ee-a920-7085c294413b','b35d8651-eabb-11ed-a0f1-7085c294413b','10.100.0.200',NULL,60711,'10.100.0.200',NULL,5030,'eyJhbGciOiJIUzUxMiIsInR5cCI6IkpXVCJ9.eyJ1dWlkIjoiYjM1ZDg2NTEtZWFiYi0xMWVkLWEwZjEtNzA4NWMyOTQ0MTNiIiwidXNlciI6InJvb3RAcm9vdC5kZSIsInVzZXJfdHlwZV9pZCI6ImE1ZjMxNDJkLWVhYmItMTFlZC1hMGYxLTcwODVjMjk0NDEzYiIsImVtYWlsIjoiMDAwMDAwMDAtMDAwMC0wMDAwLTAwMDAtMDAwMDAwMDAwMDAwIiwiZXhwaXJlc190aW1lIjoiMDYuMDYuMjAyMyAyMTo0NDo1MSIsInVzZXJfcm9sZSI6InJvb3QiLCJuYmYiOjE2ODYwNzg4OTEsImV4cCI6MTY4NjA4MDY5MSwiaWF0IjoxNjg2MDc4ODkxLCJpc3MiOiJodHRwOi8vbG9jYWxob3N0OjUwMTAvIiwiYXVkIjoiaHR0cDovL2xvY2FsaG9zdDo1MDEwLyJ9.rfjLdSnswDPnwr53-B51-zr-diZAkDJnxlgZTvg4tzw9yrk7tQ5wo5mRmJ0IrgAKBjsmbjVXzLEtLTFFzGgdsg','2023-06-06 21:44:51','RestSharp/110.2.0.0',NULL,'69a01a19-049e-11ee-a920-7085c294413b','2023-06-06 22:14:51','2023-06-06 19:14:51',1,NULL,0,NULL,NULL),('6fe6b8bd-eabd-11ed-a0f1-7085c294413b','b35d8651-eabb-11ed-a0f1-7085c294413b','10.100.0.200',NULL,35308,'10.100.0.200',NULL,5030,'eyJhbGciOiJIUzUxMiIsInR5cCI6IkpXVCJ9.eyJ1dWlkIjoiYjM1ZDg2NTEtZWFiYi0xMWVkLWEwZjEtNzA4NWMyOTQ0MTNiIiwidXNlciI6InJvb3QiLCJ1c2VyX3R5cGVfaWQiOiJhNWYzMTQyZC1lYWJiLTExZWQtYTBmMS03MDg1YzI5NDQxM2IiLCJlbWFpbCI6IjAwMDAwMDAwLTAwMDAtMDAwMC0wMDAwLTAwMDAwMDAwMDAwMCIsImV4cGlyZXNfdGltZSI6IjA0LjA1LjIwMjMgMjM6MjE6MjYiLCJhcGlfYWNjZXNzX2dyYW50IjoiRmFsc2UiLCJuYmYiOjE2ODMyMzM0ODYsImV4cCI6MTY4MzIzNTI4NiwiaWF0IjoxNjgzMjMzNDg2LCJpc3MiOiJodHRwOi8vbG9jYWxob3N0OjUwMTAvIiwiYXVkIjoiaHR0cDovL2xvY2FsaG9zdDo1MDEwLyJ9.pj-bu444KuX7-0qRwNstyDKbnmS8XFwINFewSKr1FgTzrcrc3I9TAK4MwDrrzPAN7hEsi0nT61wCaX-cNi-mww','2023-05-04 23:21:26','PostmanRuntime/7.29.2',NULL,'6fe5ed03-eabd-11ed-a0f1-7085c294413b','2023-05-04 23:51:26','2023-05-04 20:51:26',1,NULL,0,NULL,NULL),('71100134-144e-11ee-ac7f-7085c294413b','b35d8651-eabb-11ed-a0f1-7085c294413b','10.100.0.200',NULL,40243,'10.100.0.200',NULL,5030,'eyJhbGciOiJIUzUxMiIsInR5cCI6IkpXVCJ9.eyJ1dWlkIjoiYjM1ZDg2NTEtZWFiYi0xMWVkLWEwZjEtNzA4NWMyOTQ0MTNiIiwidXNlciI6InJvb3RAcm9vdC5kZSIsInVzZXJfdHlwZV9pZCI6ImE1ZjMxNDJkLWVhYmItMTFlZC1hMGYxLTcwODVjMjk0NDEzYiIsImVtYWlsIjoiMDAwMDAwMDAtMDAwMC0wMDAwLTAwMDAtMDAwMDAwMDAwMDAwIiwiZXhwaXJlc190aW1lIjoiMjYuMDYuMjAyMyAyMDo1Mjo0MyIsInVzZXJfcm9sZSI6WyJ1c2VyIiwicm9vdCJdLCJuYmYiOjE2ODc4MDM3NjMsImV4cCI6MTY4NzgwNTU2MywiaWF0IjoxNjg3ODAzNzYzLCJpc3MiOiJodHRwOi8vbG9jYWxob3N0OjUwMTAvIiwiYXVkIjoiaHR0cDovL2xvY2FsaG9zdDo1MDEwLyJ9.V4D2ijfQl98XNdoCRAGKnvFMeaRMoJTd8P1OWecKWtyHau7krZblekfg8rVvulUeBtiBVPYNhQutVc8p_YqF7A','2023-06-26 20:52:43','PostmanRuntime/7.32.3',NULL,'710fd63e-144e-11ee-ac7f-7085c294413b','2023-06-26 21:22:43','2023-06-26 18:22:43',1,NULL,0,NULL,NULL),('719cf59d-fbd4-11ed-8f81-7085c294413b','b35d8651-eabb-11ed-a0f1-7085c294413b','10.100.0.200',NULL,40783,'10.100.0.200',NULL,5030,'eyJhbGciOiJIUzUxMiIsInR5cCI6IkpXVCJ9.eyJ1dWlkIjoiYjM1ZDg2NTEtZWFiYi0xMWVkLWEwZjEtNzA4NWMyOTQ0MTNiIiwidXNlciI6InJvb3RAcm9vdC5kZSIsInVzZXJfdHlwZV9pZCI6ImE1ZjMxNDJkLWVhYmItMTFlZC1hMGYxLTcwODVjMjk0NDEzYiIsImVtYWlsIjoiMDAwMDAwMDAtMDAwMC0wMDAwLTAwMDAtMDAwMDAwMDAwMDAwIiwiZXhwaXJlc190aW1lIjoiMjYuMDUuMjAyMyAxNzoxODo1NyIsImFwaV9hY2Nlc3NfZ3JhbnQiOiJGYWxzZSIsIm5iZiI6MTY4NTExMjUzNywiZXhwIjoxNjg1MTE0MzM3LCJpYXQiOjE2ODUxMTI1MzcsImlzcyI6Imh0dHA6Ly9sb2NhbGhvc3Q6NTAxMC8iLCJhdWQiOiJodHRwOi8vbG9jYWxob3N0OjUwMTAvIn0.IhpA0A3Uc0Yzh9zQhZPqJ8h6TSFRycPWO7O_voSX4lA9YyF0Ucp76lEmK2PuRtTQUNniMt6pttSzusjGg-JWBw','2023-05-26 17:18:57','RestSharp/110.2.0.0',NULL,'719c4ef4-fbd4-11ed-8f81-7085c294413b','2023-05-26 17:48:57','2023-05-26 14:48:57',1,NULL,0,NULL,NULL),('74b418b7-049e-11ee-a920-7085c294413b','b35d8651-eabb-11ed-a0f1-7085c294413b','10.100.0.200',NULL,60711,'10.100.0.200',NULL,5030,'eyJhbGciOiJIUzUxMiIsInR5cCI6IkpXVCJ9.eyJ1dWlkIjoiYjM1ZDg2NTEtZWFiYi0xMWVkLWEwZjEtNzA4NWMyOTQ0MTNiIiwidXNlciI6InJvb3RAcm9vdC5kZSIsInVzZXJfdHlwZV9pZCI6ImE1ZjMxNDJkLWVhYmItMTFlZC1hMGYxLTcwODVjMjk0NDEzYiIsImVtYWlsIjoiMDAwMDAwMDAtMDAwMC0wMDAwLTAwMDAtMDAwMDAwMDAwMDAwIiwiZXhwaXJlc190aW1lIjoiMDYuMDYuMjAyMyAyMTo0NToxMCIsInVzZXJfcm9sZSI6InJvb3QiLCJuYmYiOjE2ODYwNzg5MTAsImV4cCI6MTY4NjA4MDcxMCwiaWF0IjoxNjg2MDc4OTEwLCJpc3MiOiJodHRwOi8vbG9jYWxob3N0OjUwMTAvIiwiYXVkIjoiaHR0cDovL2xvY2FsaG9zdDo1MDEwLyJ9.AikPlWI8xDq805zVDC3ix7eZeJkBm7NtlFYj-yZ6rpX04VH_wW6hgX417mW_ynJ28p0MeKd0pj23gedY2lmeNA','2023-06-06 21:45:10','RestSharp/110.2.0.0',NULL,'74b3a021-049e-11ee-a920-7085c294413b','2023-06-06 22:15:10','2023-06-06 19:15:10',1,NULL,0,NULL,NULL),('77886aeb-0a39-11ee-91fa-7085c294413b','b35d8651-eabb-11ed-a0f1-7085c294413b','10.100.0.200',NULL,3256,'10.100.0.200',NULL,5030,'eyJhbGciOiJIUzUxMiIsInR5cCI6IkpXVCJ9.eyJ1dWlkIjoiYjM1ZDg2NTEtZWFiYi0xMWVkLWEwZjEtNzA4NWMyOTQ0MTNiIiwidXNlciI6InJvb3RAcm9vdC5kZSIsInVzZXJfdHlwZV9pZCI6ImE1ZjMxNDJkLWVhYmItMTFlZC1hMGYxLTcwODVjMjk0NDEzYiIsImVtYWlsIjoiMDAwMDAwMDAtMDAwMC0wMDAwLTAwMDAtMDAwMDAwMDAwMDAwIiwiZXhwaXJlc190aW1lIjoiMTQuMDYuMjAyMyAwMDo1NzoyMiIsInVzZXJfcm9sZSI6WyJ1c2VyIiwicm9vdCJdLCJuYmYiOjE2ODY2OTUyNDIsImV4cCI6MTY4NjY5NzA0MiwiaWF0IjoxNjg2Njk1MjQyLCJpc3MiOiJodHRwOi8vbG9jYWxob3N0OjUwMTAvIiwiYXVkIjoiaHR0cDovL2xvY2FsaG9zdDo1MDEwLyJ9.3Yu5SeTeBRmljuND8T44mfdcb44hEd_mVqpmVj8vEIYE8ksv0ufi0l-CW6Bsmqd-_z4PuQq-U4zxnV1U1JnPHQ','2023-06-14 00:57:23','PostmanRuntime/7.32.2',NULL,'77883cc0-0a39-11ee-91fa-7085c294413b','2023-06-14 01:27:23','2023-06-13 22:27:22',1,NULL,0,NULL,NULL),('77ce7fb9-fbea-11ed-8f81-7085c294413b','b35d8651-eabb-11ed-a0f1-7085c294413b','10.100.0.200',NULL,9685,'10.100.0.200',NULL,5030,'eyJhbGciOiJIUzUxMiIsInR5cCI6IkpXVCJ9.eyJ1dWlkIjoiYjM1ZDg2NTEtZWFiYi0xMWVkLWEwZjEtNzA4NWMyOTQ0MTNiIiwidXNlciI6InJvb3RAcm9vdC5kZSIsInVzZXJfdHlwZV9pZCI6ImE1ZjMxNDJkLWVhYmItMTFlZC1hMGYxLTcwODVjMjk0NDEzYiIsImVtYWlsIjoiMDAwMDAwMDAtMDAwMC0wMDAwLTAwMDAtMDAwMDAwMDAwMDAwIiwiZXhwaXJlc190aW1lIjoiMjYuMDUuMjAyMyAxOTo1NjozNiIsIm5iZiI6MTY4NTEyMTk5NiwiZXhwIjoxNjg1MTIzNzk2LCJpYXQiOjE2ODUxMjE5OTYsImlzcyI6Imh0dHA6Ly9sb2NhbGhvc3Q6NTAxMC8iLCJhdWQiOiJodHRwOi8vbG9jYWxob3N0OjUwMTAvIn0.IaEei-m0kIDGeGX9Vv8kq6RSeo7qVIZDJRZFEXfp4CcD0h1DYD2FX08uWL01l4fYMOs54X5djzBRqtCaTrjyNA','2023-05-26 19:56:36','PostmanRuntime/7.29.2',NULL,'77cdbadd-fbea-11ed-8f81-7085c294413b','2023-05-26 20:26:36','2023-05-26 17:26:36',1,NULL,0,NULL,NULL),('795942f0-fc53-11ed-8f81-7085c294413b','b35d8651-eabb-11ed-a0f1-7085c294413b','10.100.0.200',NULL,26919,'10.100.0.200',NULL,5030,'eyJhbGciOiJIUzUxMiIsInR5cCI6IkpXVCJ9.eyJ1dWlkIjoiYjM1ZDg2NTEtZWFiYi0xMWVkLWEwZjEtNzA4NWMyOTQ0MTNiIiwidXNlciI6InJvb3RAcm9vdC5kZSIsInVzZXJfdHlwZV9pZCI6ImE1ZjMxNDJkLWVhYmItMTFlZC1hMGYxLTcwODVjMjk0NDEzYiIsImVtYWlsIjoiMDAwMDAwMDAtMDAwMC0wMDAwLTAwMDAtMDAwMDAwMDAwMDAwIiwiZXhwaXJlc190aW1lIjoiMjcuMDUuMjAyMyAwODoyODoxNiIsInVzZXJfcm9sZSI6InJvb3QiLCJuYmYiOjE2ODUxNjcwOTYsImV4cCI6MTY4NTE2ODg5NiwiaWF0IjoxNjg1MTY3MDk2LCJpc3MiOiJodHRwOi8vbG9jYWxob3N0OjUwMTAvIiwiYXVkIjoiaHR0cDovL2xvY2FsaG9zdDo1MDEwLyJ9._MnO2KxIATQ7HgitJCCZHjjgP22Tn-CZ-r3eRTDkWfysAnmhJoIv0mW4f_xGhssiS-dNbPMwHs2ZnzOUuv9PCw','2023-05-27 08:28:17','RestSharp/110.2.0.0',NULL,'7958ac42-fc53-11ed-8f81-7085c294413b','2023-05-27 08:58:17','2023-05-27 05:58:16',1,NULL,0,NULL,NULL),('7ea02693-0a39-11ee-91fa-7085c294413b','d4368f8d-fd51-11ed-8f81-7085c294413b','10.100.0.200',NULL,3256,'10.100.0.200',NULL,5030,'eyJhbGciOiJIUzUxMiIsInR5cCI6IkpXVCJ9.eyJ1dWlkIjoiZDQzNjhmOGQtZmQ1MS0xMWVkLThmODEtNzA4NWMyOTQ0MTNiIiwidXNlciI6Im1pa2Etcm9vc0B3ZWIuZGUiLCJ1c2VyX3R5cGVfaWQiOiI3MzQwNDI1ZS1hNWI1LTExZWItYmFjMC0zMDljMjM2NGZkYjYiLCJlbWFpbCI6IjAwMDAwMDAwLTAwMDAtMDAwMC0wMDAwLTAwMDAwMDAwMDAwMCIsImV4cGlyZXNfdGltZSI6IjE0LjA2LjIwMjMgMDA6NTc6MzQiLCJuYmYiOjE2ODY2OTUyNTQsImV4cCI6MTY4NjY5NzA1NCwiaWF0IjoxNjg2Njk1MjU0LCJpc3MiOiJodHRwOi8vbG9jYWxob3N0OjUwMTAvIiwiYXVkIjoiaHR0cDovL2xvY2FsaG9zdDo1MDEwLyJ9.cEmh5Ww9umCc2JHjArr342nzF66bWtFgwspGZOn38btZTZLT7p-_J5sDsStlogrpgZxnPsQiO_3KbEbhWFYDiw','2023-06-14 00:57:35','PostmanRuntime/7.32.2',NULL,'7e9fe9e2-0a39-11ee-91fa-7085c294413b','2023-06-14 01:27:35','2023-06-13 22:27:34',1,NULL,0,NULL,NULL),('7ea39599-144d-11ee-ac7f-7085c294413b','b35d8651-eabb-11ed-a0f1-7085c294413b','10.100.0.200',NULL,40188,'10.100.0.200',NULL,5030,'eyJhbGciOiJIUzUxMiIsInR5cCI6IkpXVCJ9.eyJ1dWlkIjoiYjM1ZDg2NTEtZWFiYi0xMWVkLWEwZjEtNzA4NWMyOTQ0MTNiIiwidXNlciI6InJvb3RAcm9vdC5kZSIsInVzZXJfdHlwZV9pZCI6ImE1ZjMxNDJkLWVhYmItMTFlZC1hMGYxLTcwODVjMjk0NDEzYiIsImVtYWlsIjoiMDAwMDAwMDAtMDAwMC0wMDAwLTAwMDAtMDAwMDAwMDAwMDAwIiwiZXhwaXJlc190aW1lIjoiMjYuMDYuMjAyMyAyMDo0NTo1NiIsInVzZXJfcm9sZSI6WyJ1c2VyIiwicm9vdCJdLCJuYmYiOjE2ODc4MDMzNTYsImV4cCI6MTY4NzgwNTE1NiwiaWF0IjoxNjg3ODAzMzU2LCJpc3MiOiJodHRwOi8vbG9jYWxob3N0OjUwMTAvIiwiYXVkIjoiaHR0cDovL2xvY2FsaG9zdDo1MDEwLyJ9.x0v_qfbVXqmF_Xb6vJg_nBU8Xb9XZcTetBghssAraBiGC8pDak--gk9P-wEw_22_RV3IRLddRmZupVUdqs13Ow','2023-06-26 20:45:56','PostmanRuntime/7.32.3',NULL,'7ea2ee2a-144d-11ee-ac7f-7085c294413b','2023-06-26 21:15:56','2023-06-26 18:15:56',1,NULL,0,NULL,NULL),('87c90e7d-0a39-11ee-91fa-7085c294413b','b35d8651-eabb-11ed-a0f1-7085c294413b','10.100.0.200',NULL,3256,'10.100.0.200',NULL,5030,'eyJhbGciOiJIUzUxMiIsInR5cCI6IkpXVCJ9.eyJ1dWlkIjoiYjM1ZDg2NTEtZWFiYi0xMWVkLWEwZjEtNzA4NWMyOTQ0MTNiIiwidXNlciI6InJvb3RAcm9vdC5kZSIsInVzZXJfdHlwZV9pZCI6ImE1ZjMxNDJkLWVhYmItMTFlZC1hMGYxLTcwODVjMjk0NDEzYiIsImVtYWlsIjoiMDAwMDAwMDAtMDAwMC0wMDAwLTAwMDAtMDAwMDAwMDAwMDAwIiwiZXhwaXJlc190aW1lIjoiMTQuMDYuMjAyMyAwMDo1Nzo1MCIsInVzZXJfcm9sZSI6WyJ1c2VyIiwicm9vdCJdLCJuYmYiOjE2ODY2OTUyNzAsImV4cCI6MTY4NjY5NzA3MCwiaWF0IjoxNjg2Njk1MjcwLCJpc3MiOiJodHRwOi8vbG9jYWxob3N0OjUwMTAvIiwiYXVkIjoiaHR0cDovL2xvY2FsaG9zdDo1MDEwLyJ9.mf2_ynLN3gwQumY7Nce2ieb2XARlKVUVos9TBzKPK6hxqseMTl3PUVbnizDSsfX3ZfgRZ-FMQmjUMl-AgBSMcw','2023-06-14 00:57:50','PostmanRuntime/7.32.2',NULL,'87c8d701-0a39-11ee-91fa-7085c294413b','2023-06-14 01:27:50','2023-06-13 22:27:50',1,NULL,0,NULL,NULL),('8a181abf-ff26-11ed-8f81-7085c294413b','b35d8651-eabb-11ed-a0f1-7085c294413b','10.100.0.200',NULL,12111,'10.100.0.200',NULL,5030,'eyJhbGciOiJIUzUxMiIsInR5cCI6IkpXVCJ9.eyJ1dWlkIjoiYjM1ZDg2NTEtZWFiYi0xMWVkLWEwZjEtNzA4NWMyOTQ0MTNiIiwidXNlciI6InJvb3RAcm9vdC5kZSIsInVzZXJfdHlwZV9pZCI6ImE1ZjMxNDJkLWVhYmItMTFlZC1hMGYxLTcwODVjMjk0NDEzYiIsImVtYWlsIjoiMDAwMDAwMDAtMDAwMC0wMDAwLTAwMDAtMDAwMDAwMDAwMDAwIiwiZXhwaXJlc190aW1lIjoiMzAuMDUuMjAyMyAyMjo0NDoxMCIsInVzZXJfcm9sZSI6InJvb3QiLCJuYmYiOjE2ODU0Nzc2NTAsImV4cCI6MTY4NTQ3OTQ1MCwiaWF0IjoxNjg1NDc3NjUwLCJpc3MiOiJodHRwOi8vbG9jYWxob3N0OjUwMTAvIiwiYXVkIjoiaHR0cDovL2xvY2FsaG9zdDo1MDEwLyJ9.yhyiTrCYKkc7HUTxoxNxRWMWrPF-oIz3X2Q7uqB2ETgzSPnoioaMo4Ox7qoub1qYAxNRHRySaP3BBnAQ_T7hfg','2023-05-30 22:44:11','RestSharp/110.2.0.0',NULL,'8a173a90-ff26-11ed-8f81-7085c294413b','2023-05-30 23:14:11','2023-05-30 20:14:10',1,NULL,0,NULL,NULL),('9004dce1-0a42-11ee-91fa-7085c294413b','d4368f8d-fd51-11ed-8f81-7085c294413b','10.100.0.200',NULL,4255,'10.100.0.200',NULL,5030,'eyJhbGciOiJIUzUxMiIsInR5cCI6IkpXVCJ9.eyJ1dWlkIjoiZDQzNjhmOGQtZmQ1MS0xMWVkLThmODEtNzA4NWMyOTQ0MTNiIiwidXNlciI6Im1pa2Etcm9vc0B3ZWIuZGUiLCJ1c2VyX3R5cGVfaWQiOiI3MzQwNDI1ZS1hNWI1LTExZWItYmFjMC0zMDljMjM2NGZkYjYiLCJlbWFpbCI6IjAwMDAwMDAwLTAwMDAtMDAwMC0wMDAwLTAwMDAwMDAwMDAwMCIsImV4cGlyZXNfdGltZSI6IjE0LjA2LjIwMjMgMDI6MDI6MjkiLCJuYmYiOjE2ODY2OTkxNDksImV4cCI6MTY4NjcwMDk0OSwiaWF0IjoxNjg2Njk5MTQ5LCJpc3MiOiJodHRwOi8vbG9jYWxob3N0OjUwMTAvIiwiYXVkIjoiaHR0cDovL2xvY2FsaG9zdDo1MDEwLyJ9.Sh1I4DT7RuWhXXRlselODtYfWNUpYrKuYqLRlyq4CvqLtWESRWypQ9znAH1udkLN-DM2Ft05KQfsuN56SuO4sQ','2023-06-14 02:02:29','PostmanRuntime/7.32.2',NULL,'900446c4-0a42-11ee-91fa-7085c294413b','2023-06-14 02:32:29','2023-06-13 23:32:29',1,NULL,0,NULL,NULL),('916863aa-0fa3-11ee-a321-7085c294413b','b35d8651-eabb-11ed-a0f1-7085c294413b','10.100.0.200',NULL,47526,'10.100.0.200',NULL,5030,'eyJhbGciOiJIUzUxMiIsInR5cCI6IkpXVCJ9.eyJ1dWlkIjoiYjM1ZDg2NTEtZWFiYi0xMWVkLWEwZjEtNzA4NWMyOTQ0MTNiIiwidXNlciI6InJvb3RAcm9vdC5kZSIsInVzZXJfdHlwZV9pZCI6ImE1ZjMxNDJkLWVhYmItMTFlZC1hMGYxLTcwODVjMjk0NDEzYiIsImVtYWlsIjoiMDAwMDAwMDAtMDAwMC0wMDAwLTAwMDAtMDAwMDAwMDAwMDAwIiwiZXhwaXJlc190aW1lIjoiMjAuMDYuMjAyMyAyMjoxOToyOCIsInVzZXJfcm9sZSI6WyJ1c2VyIiwicm9vdCJdLCJuYmYiOjE2ODcyOTA1NjgsImV4cCI6MTY4NzI5MjM2OCwiaWF0IjoxNjg3MjkwNTY4LCJpc3MiOiJodHRwOi8vbG9jYWxob3N0OjUwMTAvIiwiYXVkIjoiaHR0cDovL2xvY2FsaG9zdDo1MDEwLyJ9.dqhTK3Yy59NDGsZkjr-fiGAwZB6w6S6YO-BRZVeRt6CLs93s8c_ag98kcig_Q0g5Rz-xM2VHIr-zTV-qUMGCAQ','2023-06-20 22:19:29','PostmanRuntime/7.32.3',NULL,'9167e7f3-0fa3-11ee-a321-7085c294413b','2023-06-20 22:49:29','2023-06-20 19:49:28',1,NULL,0,NULL,NULL),('928ab66c-086b-11ee-b2c8-7085c294413b','b35d8651-eabb-11ed-a0f1-7085c294413b','10.100.0.200',NULL,24419,'10.100.0.200',NULL,5030,'eyJhbGciOiJIUzUxMiIsInR5cCI6IkpXVCJ9.eyJ1dWlkIjoiYjM1ZDg2NTEtZWFiYi0xMWVkLWEwZjEtNzA4NWMyOTQ0MTNiIiwidXNlciI6InJvb3RAcm9vdC5kZSIsInVzZXJfdHlwZV9pZCI6ImE1ZjMxNDJkLWVhYmItMTFlZC1hMGYxLTcwODVjMjk0NDEzYiIsImVtYWlsIjoiMDAwMDAwMDAtMDAwMC0wMDAwLTAwMDAtMDAwMDAwMDAwMDAwIiwiZXhwaXJlc190aW1lIjoiMTEuMDYuMjAyMyAxNzo1MTowMCIsInVzZXJfcm9sZSI6InJvb3QiLCJuYmYiOjE2ODY0OTY4NjAsImV4cCI6MTY4NjQ5ODY2MCwiaWF0IjoxNjg2NDk2ODYwLCJpc3MiOiJodHRwOi8vbG9jYWxob3N0OjUwMTAvIiwiYXVkIjoiaHR0cDovL2xvY2FsaG9zdDo1MDEwLyJ9.G3DHv5o5dx8RzO2buZs_KkazxbZCsOgY1muH12IZAc6Q2Ty6lC-Irzo6tk0h2e4kCg_fMg4OD675Z1-9Yd3hwg','2023-06-11 17:51:01','PostmanRuntime/7.32.2',NULL,'928a04d6-086b-11ee-b2c8-7085c294413b','2023-06-11 18:21:01','2023-06-11 15:21:00',1,NULL,0,NULL,NULL),('93af6ce9-0a42-11ee-91fa-7085c294413b','b35d8651-eabb-11ed-a0f1-7085c294413b','10.100.0.200',NULL,4255,'10.100.0.200',NULL,5030,'eyJhbGciOiJIUzUxMiIsInR5cCI6IkpXVCJ9.eyJ1dWlkIjoiYjM1ZDg2NTEtZWFiYi0xMWVkLWEwZjEtNzA4NWMyOTQ0MTNiIiwidXNlciI6InJvb3RAcm9vdC5kZSIsInVzZXJfdHlwZV9pZCI6ImE1ZjMxNDJkLWVhYmItMTFlZC1hMGYxLTcwODVjMjk0NDEzYiIsImVtYWlsIjoiMDAwMDAwMDAtMDAwMC0wMDAwLTAwMDAtMDAwMDAwMDAwMDAwIiwiZXhwaXJlc190aW1lIjoiMTQuMDYuMjAyMyAwMjowMjozNSIsInVzZXJfcm9sZSI6WyJ1c2VyIiwicm9vdCJdLCJuYmYiOjE2ODY2OTkxNTUsImV4cCI6MTY4NjcwMDk1NSwiaWF0IjoxNjg2Njk5MTU1LCJpc3MiOiJodHRwOi8vbG9jYWxob3N0OjUwMTAvIiwiYXVkIjoiaHR0cDovL2xvY2FsaG9zdDo1MDEwLyJ9.QKi_oXDsWUFBAd6vzeiOqGHUljbxNSO3Q_p9dfHdfD77bdQwXKOQhveCIYSsHv-7s9OZpz7bV3VQw2kI78lUWQ','2023-06-14 02:02:36','PostmanRuntime/7.32.2',NULL,'93af3902-0a42-11ee-91fa-7085c294413b','2023-06-14 02:32:36','2023-06-13 23:32:35',1,NULL,0,NULL,NULL),('95ba815f-fc53-11ed-8f81-7085c294413b','b35d8651-eabb-11ed-a0f1-7085c294413b','10.100.0.200',NULL,27048,'10.100.0.200',NULL,5030,'eyJhbGciOiJIUzUxMiIsInR5cCI6IkpXVCJ9.eyJ1dWlkIjoiYjM1ZDg2NTEtZWFiYi0xMWVkLWEwZjEtNzA4NWMyOTQ0MTNiIiwidXNlciI6InJvb3RAcm9vdC5kZSIsInVzZXJfdHlwZV9pZCI6ImE1ZjMxNDJkLWVhYmItMTFlZC1hMGYxLTcwODVjMjk0NDEzYiIsImVtYWlsIjoiMDAwMDAwMDAtMDAwMC0wMDAwLTAwMDAtMDAwMDAwMDAwMDAwIiwiZXhwaXJlc190aW1lIjoiMjcuMDUuMjAyMyAwODoyOTowNCIsInVzZXJfcm9sZSI6InJvb3QiLCJuYmYiOjE2ODUxNjcxNDQsImV4cCI6MTY4NTE2ODk0NCwiaWF0IjoxNjg1MTY3MTQ0LCJpc3MiOiJodHRwOi8vbG9jYWxob3N0OjUwMTAvIiwiYXVkIjoiaHR0cDovL2xvY2FsaG9zdDo1MDEwLyJ9.pB_DRM29xnY6u79yNBqE-cO6KvhGkjqeUEITuUzxobA_hqLm4e07DKpX6X8NsMu4kJygzUT51-X5KpumiqmFpQ','2023-05-27 08:29:04','RestSharp/110.2.0.0',NULL,'95b9e4aa-fc53-11ed-8f81-7085c294413b','2023-05-27 08:59:04','2023-05-27 05:59:04',1,NULL,0,NULL,NULL),('95fb2787-0afd-11ee-bc91-7085c294413b','b35d8651-eabb-11ed-a0f1-7085c294413b','10.100.0.200',NULL,50563,'10.100.0.200',NULL,5030,'eyJhbGciOiJIUzUxMiIsInR5cCI6IkpXVCJ9.eyJ1dWlkIjoiYjM1ZDg2NTEtZWFiYi0xMWVkLWEwZjEtNzA4NWMyOTQ0MTNiIiwidXNlciI6InJvb3RAcm9vdC5kZSIsInVzZXJfdHlwZV9pZCI6ImE1ZjMxNDJkLWVhYmItMTFlZC1hMGYxLTcwODVjMjk0NDEzYiIsImVtYWlsIjoiMDAwMDAwMDAtMDAwMC0wMDAwLTAwMDAtMDAwMDAwMDAwMDAwIiwiZXhwaXJlc190aW1lIjoiMTUuMDYuMjAyMyAwMDoyMToxNSIsInVzZXJfcm9sZSI6WyJ1c2VyIiwicm9vdCJdLCJuYmYiOjE2ODY3Nzk0NzUsImV4cCI6MTY4Njc4MTI3NSwiaWF0IjoxNjg2Nzc5NDc1LCJpc3MiOiJodHRwOi8vbG9jYWxob3N0OjUwMTAvIiwiYXVkIjoiaHR0cDovL2xvY2FsaG9zdDo1MDEwLyJ9.yphayxif7SDk-67ygVPmIy_XMduGVCUdMuHqCthOqPZNgdD-RMVtZu93pi-L_BlSf48JWMGzcfHa61bariMjMw','2023-06-15 00:21:15','PostmanRuntime/7.32.2',NULL,'95fa857a-0afd-11ee-bc91-7085c294413b','2023-06-15 00:51:15','2023-06-14 21:51:15',1,NULL,0,NULL,NULL),('97364463-086b-11ee-b2c8-7085c294413b','b35d8651-eabb-11ed-a0f1-7085c294413b','10.100.0.200',NULL,24419,'10.100.0.200',NULL,5030,'eyJhbGciOiJIUzUxMiIsInR5cCI6IkpXVCJ9.eyJ1dWlkIjoiYjM1ZDg2NTEtZWFiYi0xMWVkLWEwZjEtNzA4NWMyOTQ0MTNiIiwidXNlciI6InJvb3RAcm9vdC5kZSIsInVzZXJfdHlwZV9pZCI6ImE1ZjMxNDJkLWVhYmItMTFlZC1hMGYxLTcwODVjMjk0NDEzYiIsImVtYWlsIjoiMDAwMDAwMDAtMDAwMC0wMDAwLTAwMDAtMDAwMDAwMDAwMDAwIiwiZXhwaXJlc190aW1lIjoiMTEuMDYuMjAyMyAxNzo1MTowOCIsInVzZXJfcm9sZSI6InJvb3QiLCJuYmYiOjE2ODY0OTY4NjgsImV4cCI6MTY4NjQ5ODY2OCwiaWF0IjoxNjg2NDk2ODY4LCJpc3MiOiJodHRwOi8vbG9jYWxob3N0OjUwMTAvIiwiYXVkIjoiaHR0cDovL2xvY2FsaG9zdDo1MDEwLyJ9.8E-m1CYdStUk57QndKxczfEtSF1lmwh5lQoMTNw2YL_sQNbm2ssPec0b9gevO4Zpzwldt7UskwI6ooEgm-SVug','2023-06-11 17:51:09','PostmanRuntime/7.32.2',NULL,'9735d3a8-086b-11ee-b2c8-7085c294413b','2023-06-11 18:21:09','2023-06-11 15:21:08',1,NULL,0,NULL,NULL),('9ddf35d1-eabf-11ed-a0f1-7085c294413b','b35d8651-eabb-11ed-a0f1-7085c294413b','10.100.0.200',NULL,35583,'10.100.0.200',NULL,5030,'eyJhbGciOiJIUzUxMiIsInR5cCI6IkpXVCJ9.eyJ1dWlkIjoiYjM1ZDg2NTEtZWFiYi0xMWVkLWEwZjEtNzA4NWMyOTQ0MTNiIiwidXNlciI6InJvb3QiLCJ1c2VyX3R5cGVfaWQiOiJhNWYzMTQyZC1lYWJiLTExZWQtYTBmMS03MDg1YzI5NDQxM2IiLCJlbWFpbCI6IjAwMDAwMDAwLTAwMDAtMDAwMC0wMDAwLTAwMDAwMDAwMDAwMCIsImV4cGlyZXNfdGltZSI6IjA0LjA1LjIwMjMgMjM6Mzc6MDIiLCJhcGlfYWNjZXNzX2dyYW50IjoiRmFsc2UiLCJuYmYiOjE2ODMyMzQ0MjIsImV4cCI6MTY4MzIzNjIyMiwiaWF0IjoxNjgzMjM0NDIyLCJpc3MiOiJodHRwOi8vbG9jYWxob3N0OjUwMTAvIiwiYXVkIjoiaHR0cDovL2xvY2FsaG9zdDo1MDEwLyJ9.2i1uy47ppd4fmkjFZzVJAGojSR9At846sHnoCM8JfZgHEAXMdQyafm3XDbegxGiIVeFOHrW4ZeTi5R7_LdWtWA','2023-05-04 23:37:03','PostmanRuntime/7.29.2',NULL,'9dde78c8-eabf-11ed-a0f1-7085c294413b','2023-05-05 00:07:03','2023-05-04 21:07:02',1,NULL,0,NULL,NULL),('a088d11b-0b03-11ee-bc91-7085c294413b','b35d8651-eabb-11ed-a0f1-7085c294413b','10.100.0.200',NULL,51338,'10.100.0.200',NULL,5030,'eyJhbGciOiJIUzUxMiIsInR5cCI6IkpXVCJ9.eyJ1dWlkIjoiYjM1ZDg2NTEtZWFiYi0xMWVkLWEwZjEtNzA4NWMyOTQ0MTNiIiwidXNlciI6InJvb3RAcm9vdC5kZSIsInVzZXJfdHlwZV9pZCI6ImE1ZjMxNDJkLWVhYmItMTFlZC1hMGYxLTcwODVjMjk0NDEzYiIsImVtYWlsIjoiMDAwMDAwMDAtMDAwMC0wMDAwLTAwMDAtMDAwMDAwMDAwMDAwIiwiZXhwaXJlc190aW1lIjoiMTUuMDYuMjAyMyAwMTowNDoyOSIsInVzZXJfcm9sZSI6WyJ1c2VyIiwicm9vdCJdLCJuYmYiOjE2ODY3ODIwNjksImV4cCI6MTY4Njc4Mzg2OSwiaWF0IjoxNjg2NzgyMDY5LCJpc3MiOiJodHRwOi8vbG9jYWxob3N0OjUwMTAvIiwiYXVkIjoiaHR0cDovL2xvY2FsaG9zdDo1MDEwLyJ9.Dn9AqffLkiKatWwEDWjlyOrYeCcslnehRoR1JDyy4YC0T_uFfXk3t4UT74orCzPTOqZsoMbOAUJ8frtAO45KDA','2023-06-15 01:04:29','PostmanRuntime/7.32.2',NULL,'a0881e5e-0b03-11ee-bc91-7085c294413b','2023-06-15 01:34:29','2023-06-14 22:34:30',1,NULL,0,NULL,NULL),('a08a5c48-fc51-11ed-8f81-7085c294413b','b35d8651-eabb-11ed-a0f1-7085c294413b','10.100.0.200',NULL,25671,'10.100.0.200',NULL,5030,'eyJhbGciOiJIUzUxMiIsInR5cCI6IkpXVCJ9.eyJ1dWlkIjoiYjM1ZDg2NTEtZWFiYi0xMWVkLWEwZjEtNzA4NWMyOTQ0MTNiIiwidXNlciI6InJvb3RAcm9vdC5kZSIsInVzZXJfdHlwZV9pZCI6ImE1ZjMxNDJkLWVhYmItMTFlZC1hMGYxLTcwODVjMjk0NDEzYiIsImVtYWlsIjoiMDAwMDAwMDAtMDAwMC0wMDAwLTAwMDAtMDAwMDAwMDAwMDAwIiwiZXhwaXJlc190aW1lIjoiMjcuMDUuMjAyMyAwODoxNTowMyIsInVzZXJfcm9sZSI6InJvb3QiLCJuYmYiOjE2ODUxNjYzMDMsImV4cCI6MTY4NTE2ODEwMywiaWF0IjoxNjg1MTY2MzAzLCJpc3MiOiJodHRwOi8vbG9jYWxob3N0OjUwMTAvIiwiYXVkIjoiaHR0cDovL2xvY2FsaG9zdDo1MDEwLyJ9.BV_PkM3XilePfaaC447X9Xqf2isIoJJ12sQCp3rYhkHZUoRsurgbP5hX0hxk7TPMeoL5zftaaz3Rd3DJuKcbvQ','2023-05-27 08:15:03','RestSharp/110.2.0.0',NULL,'a089ac33-fc51-11ed-8f81-7085c294413b','2023-05-27 08:45:03','2023-05-27 05:45:03',1,NULL,0,NULL,NULL),('a3907c94-fbeb-11ed-8f81-7085c294413b','b35d8651-eabb-11ed-a0f1-7085c294413b','10.100.0.200',NULL,10942,'10.100.0.200',NULL,5030,'eyJhbGciOiJIUzUxMiIsInR5cCI6IkpXVCJ9.eyJ1dWlkIjoiYjM1ZDg2NTEtZWFiYi0xMWVkLWEwZjEtNzA4NWMyOTQ0MTNiIiwidXNlciI6InJvb3RAcm9vdC5kZSIsInVzZXJfdHlwZV9pZCI6ImE1ZjMxNDJkLWVhYmItMTFlZC1hMGYxLTcwODVjMjk0NDEzYiIsImVtYWlsIjoiMDAwMDAwMDAtMDAwMC0wMDAwLTAwMDAtMDAwMDAwMDAwMDAwIiwiZXhwaXJlc190aW1lIjoiMjYuMDUuMjAyMyAyMDowNDo0NSIsImh0dHAkLy9zY2hlbWFzLm1pY3Jvc29mdC5jb20vd3MvMjAwOC8wNi9pZGVudGl0eS9jbGFpbXMvcm9sZSI6InJvb3QiLCJuYmYiOjE2ODUxMjI0OTksImV4cCI6MTY4NTEyNDI4NSwiaWF0IjoxNjg1MTIyNDk5LCJpc3MiOiJodHRwOi8vbG9jYWxob3N0OjUwMTAvIiwiYXVkIjoiaHR0cDovL2xvY2FsaG9zdDo1MDEwLyJ9.L4oHVaVStdS6oJ4D7gP8258PkTc64fD3g28s1qAstiqpB2liaRGNxIZNrrUuhtGZ42etNF-qvhOF4PufVfH_3w','2023-05-26 20:04:45','PostmanRuntime/7.29.2',NULL,'a38fbee1-fbeb-11ed-8f81-7085c294413b','2023-05-26 20:34:45','2023-05-26 17:34:59',1,NULL,0,NULL,NULL),('a576dd02-fbde-11ed-8f81-7085c294413b','b35d8651-eabb-11ed-a0f1-7085c294413b','10.100.0.200',NULL,47422,'10.100.0.200',NULL,5030,'eyJhbGciOiJIUzUxMiIsInR5cCI6IkpXVCJ9.eyJ1dWlkIjoiYjM1ZDg2NTEtZWFiYi0xMWVkLWEwZjEtNzA4NWMyOTQ0MTNiIiwidXNlciI6InJvb3RAcm9vdC5kZSIsInVzZXJfdHlwZV9pZCI6ImE1ZjMxNDJkLWVhYmItMTFlZC1hMGYxLTcwODVjMjk0NDEzYiIsImVtYWlsIjoiMDAwMDAwMDAtMDAwMC0wMDAwLTAwMDAtMDAwMDAwMDAwMDAwIiwiZXhwaXJlc190aW1lIjoiMjYuMDUuMjAyMyAxODozMTo1OSIsImFwaV9hY2Nlc3NfZ3JhbnQiOiJGYWxzZSIsIm5iZiI6MTY4NTExNjkxOSwiZXhwIjoxNjg1MTE4NzE5LCJpYXQiOjE2ODUxMTY5MTksImlzcyI6Imh0dHA6Ly9sb2NhbGhvc3Q6NTAxMC8iLCJhdWQiOiJodHRwOi8vbG9jYWxob3N0OjUwMTAvIn0.otud35SSai5im2m1sLBMcx8T8V53J_OuurVDFUS3DwjoxE_IgrW5PTY-2wTzvZjTN8bY7aO1eE1QHN3tMZNJYg','2023-05-26 18:32:00','PostmanRuntime/7.29.2',NULL,'a5762a93-fbde-11ed-8f81-7085c294413b','2023-05-26 19:02:00','2023-05-26 16:01:59',1,NULL,0,NULL,NULL),('a74bd8fb-1462-11ee-ac7f-7085c294413b','b35d8651-eabb-11ed-a0f1-7085c294413b','10.100.0.200',NULL,42077,'10.100.0.200',NULL,5030,'eyJhbGciOiJIUzUxMiIsInR5cCI6IkpXVCJ9.eyJ1dWlkIjoiYjM1ZDg2NTEtZWFiYi0xMWVkLWEwZjEtNzA4NWMyOTQ0MTNiIiwidXNlciI6InJvb3RAcm9vdC5kZSIsInVzZXJfdHlwZV9pZCI6ImE1ZjMxNDJkLWVhYmItMTFlZC1hMGYxLTcwODVjMjk0NDEzYiIsImVtYWlsIjoiMDAwMDAwMDAtMDAwMC0wMDAwLTAwMDAtMDAwMDAwMDAwMDAwIiwiZXhwaXJlc190aW1lIjoiMjYuMDYuMjAyMyAyMzoxNzoyNCIsInVzZXJfcm9sZSI6WyJ1c2VyIiwicm9vdCJdLCJuYmYiOjE2ODc4MTI0NDQsImV4cCI6MTY4NzgxNDI0NCwiaWF0IjoxNjg3ODEyNDQ0LCJpc3MiOiJodHRwOi8vbG9jYWxob3N0OjUwMTAvIiwiYXVkIjoiaHR0cDovL2xvY2FsaG9zdDo1MDEwLyJ9.KKb0hWhN05mYARYimC97EgkykrgSWNZ1fYY0kiavbBRHnfXllSf0sxui58zfk9CAt5grp_Zv7rymqZJc3faK-Q','2023-06-26 23:17:24','PostmanRuntime/7.32.3',NULL,'a74b2d0c-1462-11ee-ac7f-7085c294413b','2023-06-26 23:47:24','2023-06-26 20:47:24',1,NULL,0,NULL,NULL),('aa47477a-083d-11ee-b2c8-7085c294413b','b35d8651-eabb-11ed-a0f1-7085c294413b','10.100.0.200',NULL,16939,'10.100.0.200',NULL,5030,'eyJhbGciOiJIUzUxMiIsInR5cCI6IkpXVCJ9.eyJ1dWlkIjoiYjM1ZDg2NTEtZWFiYi0xMWVkLWEwZjEtNzA4NWMyOTQ0MTNiIiwidXNlciI6InJvb3RAcm9vdC5kZSIsInVzZXJfdHlwZV9pZCI6ImE1ZjMxNDJkLWVhYmItMTFlZC1hMGYxLTcwODVjMjk0NDEzYiIsImVtYWlsIjoiMDAwMDAwMDAtMDAwMC0wMDAwLTAwMDAtMDAwMDAwMDAwMDAwIiwiZXhwaXJlc190aW1lIjoiMTEuMDYuMjAyMyAxMjoyMjoyMyIsInVzZXJfcm9sZSI6InJvb3QiLCJuYmYiOjE2ODY0NzcxNDMsImV4cCI6MTY4NjQ3ODk0MywiaWF0IjoxNjg2NDc3MTQzLCJpc3MiOiJodHRwOi8vbG9jYWxob3N0OjUwMTAvIiwiYXVkIjoiaHR0cDovL2xvY2FsaG9zdDo1MDEwLyJ9.-AgguKc-8eAeQL7Xak4XhPej3cWmj7bil1wz0KSAoGwmzC6Uyyb1YyDc0YfgSxpVoOIwE7w7G5vdW36Da0LHqw','2023-06-11 12:22:23','PostmanRuntime/7.32.2',NULL,'aa46b4d7-083d-11ee-b2c8-7085c294413b','2023-06-11 12:52:23','2023-06-11 09:52:23',1,NULL,0,NULL,NULL),('abe2a12d-fbd4-11ed-8f81-7085c294413b','b35d8651-eabb-11ed-a0f1-7085c294413b','10.100.0.200',NULL,41002,'10.100.0.200',NULL,5030,'eyJhbGciOiJIUzUxMiIsInR5cCI6IkpXVCJ9.eyJ1dWlkIjoiYjM1ZDg2NTEtZWFiYi0xMWVkLWEwZjEtNzA4NWMyOTQ0MTNiIiwidXNlciI6InJvb3RAcm9vdC5kZSIsInVzZXJfdHlwZV9pZCI6ImE1ZjMxNDJkLWVhYmItMTFlZC1hMGYxLTcwODVjMjk0NDEzYiIsImVtYWlsIjoiMDAwMDAwMDAtMDAwMC0wMDAwLTAwMDAtMDAwMDAwMDAwMDAwIiwiZXhwaXJlc190aW1lIjoiMjYuMDUuMjAyMyAxNzoyMDozNSIsImFwaV9hY2Nlc3NfZ3JhbnQiOiJGYWxzZSIsIm5iZiI6MTY4NTExMjYzNSwiZXhwIjoxNjg1MTE0NDM1LCJpYXQiOjE2ODUxMTI2MzUsImlzcyI6Imh0dHA6Ly9sb2NhbGhvc3Q6NTAxMC8iLCJhdWQiOiJodHRwOi8vbG9jYWxob3N0OjUwMTAvIn0.uUjq8mp-by6KPzGCXoSMPvQmDb9IdXnB_LvNwO_G_CTyoOfEHmn7dX7vE59NB4BATOECxHf8UhaPzwcxgBl0Qg','2023-05-26 17:20:35','RestSharp/110.2.0.0',NULL,'abe2153d-fbd4-11ed-8f81-7085c294413b','2023-05-26 17:50:35','2023-05-26 14:50:35',1,NULL,0,NULL,NULL),('ad0239dc-0a41-11ee-91fa-7085c294413b','b35d8651-eabb-11ed-a0f1-7085c294413b','10.100.0.200',NULL,4091,'10.100.0.200',NULL,5030,'eyJhbGciOiJIUzUxMiIsInR5cCI6IkpXVCJ9.eyJ1dWlkIjoiYjM1ZDg2NTEtZWFiYi0xMWVkLWEwZjEtNzA4NWMyOTQ0MTNiIiwidXNlciI6InJvb3RAcm9vdC5kZSIsInVzZXJfdHlwZV9pZCI6ImE1ZjMxNDJkLWVhYmItMTFlZC1hMGYxLTcwODVjMjk0NDEzYiIsImVtYWlsIjoiMDAwMDAwMDAtMDAwMC0wMDAwLTAwMDAtMDAwMDAwMDAwMDAwIiwiZXhwaXJlc190aW1lIjoiMTQuMDYuMjAyMyAwMTo1NjowOCIsInVzZXJfcm9sZSI6WyJ1c2VyIiwicm9vdCJdLCJuYmYiOjE2ODY2OTg3NjgsImV4cCI6MTY4NjcwMDU2OCwiaWF0IjoxNjg2Njk4NzY4LCJpc3MiOiJodHRwOi8vbG9jYWxob3N0OjUwMTAvIiwiYXVkIjoiaHR0cDovL2xvY2FsaG9zdDo1MDEwLyJ9.fltl5GGXM6kzMJGDQxbKwEZiKhKezm5kKVrSyDWBGnqFJAALtbrNeqwj8Dms2l_KlnXtu4uzAtKu5NqL0rKQwA','2023-06-14 01:56:08','PostmanRuntime/7.32.2',NULL,'ad019541-0a41-11ee-91fa-7085c294413b','2023-06-14 02:26:08','2023-06-13 23:26:08',1,NULL,0,NULL,NULL),('b11924c7-0a41-11ee-91fa-7085c294413b','b35d8651-eabb-11ed-a0f1-7085c294413b','10.100.0.200',NULL,4091,'10.100.0.200',NULL,5030,'eyJhbGciOiJIUzUxMiIsInR5cCI6IkpXVCJ9.eyJ1dWlkIjoiYjM1ZDg2NTEtZWFiYi0xMWVkLWEwZjEtNzA4NWMyOTQ0MTNiIiwidXNlciI6InJvb3RAcm9vdC5kZSIsInVzZXJfdHlwZV9pZCI6ImE1ZjMxNDJkLWVhYmItMTFlZC1hMGYxLTcwODVjMjk0NDEzYiIsImVtYWlsIjoiMDAwMDAwMDAtMDAwMC0wMDAwLTAwMDAtMDAwMDAwMDAwMDAwIiwiZXhwaXJlc190aW1lIjoiMTQuMDYuMjAyMyAwMTo1NjoxNSIsInVzZXJfcm9sZSI6WyJ1c2VyIiwicm9vdCJdLCJuYmYiOjE2ODY2OTg3NzUsImV4cCI6MTY4NjcwMDU3NSwiaWF0IjoxNjg2Njk4Nzc1LCJpc3MiOiJodHRwOi8vbG9jYWxob3N0OjUwMTAvIiwiYXVkIjoiaHR0cDovL2xvY2FsaG9zdDo1MDEwLyJ9.-sFLeZaRUQ1J_Nm1vwqKf1wiWm5Ow--_8li6b9-Y5zHRHCuRlrR3Y5F8hpvtVPDG8RUXmOaK6me6eEQLYxYqEw','2023-06-14 01:56:16','PostmanRuntime/7.32.2',NULL,'b1189ea5-0a41-11ee-91fa-7085c294413b','2023-06-14 02:26:16','2023-06-13 23:26:15',1,NULL,0,NULL,NULL),('b2098734-0a41-11ee-91fa-7085c294413b','b35d8651-eabb-11ed-a0f1-7085c294413b','10.100.0.200',NULL,4091,'10.100.0.200',NULL,5030,'eyJhbGciOiJIUzUxMiIsInR5cCI6IkpXVCJ9.eyJ1dWlkIjoiYjM1ZDg2NTEtZWFiYi0xMWVkLWEwZjEtNzA4NWMyOTQ0MTNiIiwidXNlciI6InJvb3RAcm9vdC5kZSIsInVzZXJfdHlwZV9pZCI6ImE1ZjMxNDJkLWVhYmItMTFlZC1hMGYxLTcwODVjMjk0NDEzYiIsImVtYWlsIjoiMDAwMDAwMDAtMDAwMC0wMDAwLTAwMDAtMDAwMDAwMDAwMDAwIiwiZXhwaXJlc190aW1lIjoiMTQuMDYuMjAyMyAwMTo1NjoxNyIsInVzZXJfcm9sZSI6WyJ1c2VyIiwicm9vdCJdLCJuYmYiOjE2ODY2OTg3NzcsImV4cCI6MTY4NjcwMDU3NywiaWF0IjoxNjg2Njk4Nzc3LCJpc3MiOiJodHRwOi8vbG9jYWxob3N0OjUwMTAvIiwiYXVkIjoiaHR0cDovL2xvY2FsaG9zdDo1MDEwLyJ9.u8KM3EswqOxNQkDV6ULRiXP6Sple7bu_T2nYZYupzUfeTraP4M2zLoBdcT-mwWYE71k1u4Etx3XYWNbcckKt_A','2023-06-14 01:56:17','PostmanRuntime/7.32.2',NULL,'b2095e77-0a41-11ee-91fa-7085c294413b','2023-06-14 02:26:17','2023-06-13 23:26:17',1,NULL,0,NULL,NULL),('b42b9da2-fc50-11ed-8f81-7085c294413b','b35d8651-eabb-11ed-a0f1-7085c294413b','10.100.0.200',NULL,24897,'10.100.0.200',NULL,5030,'eyJhbGciOiJIUzUxMiIsInR5cCI6IkpXVCJ9.eyJ1dWlkIjoiYjM1ZDg2NTEtZWFiYi0xMWVkLWEwZjEtNzA4NWMyOTQ0MTNiIiwidXNlciI6InJvb3RAcm9vdC5kZSIsInVzZXJfdHlwZV9pZCI6ImE1ZjMxNDJkLWVhYmItMTFlZC1hMGYxLTcwODVjMjk0NDEzYiIsImVtYWlsIjoiMDAwMDAwMDAtMDAwMC0wMDAwLTAwMDAtMDAwMDAwMDAwMDAwIiwiZXhwaXJlc190aW1lIjoiMjcuMDUuMjAyMyAwODowODoyNiIsInVzZXJfcm9sZSI6InJvb3QiLCJuYmYiOjE2ODUxNjU5MDYsImV4cCI6MTY4NTE2NzcwNiwiaWF0IjoxNjg1MTY1OTA2LCJpc3MiOiJodHRwOi8vbG9jYWxob3N0OjUwMTAvIiwiYXVkIjoiaHR0cDovL2xvY2FsaG9zdDo1MDEwLyJ9.DjB42ddCwBZNcVlsw3k5QnkJIpaKakitU4hRBY-wvhFhTvBdlmFiVV8RTCbZfbbvLxGQrE0Rt-7eXxxYFOkjVg','2023-05-27 08:08:26','RestSharp/110.2.0.0',NULL,'b42ae799-fc50-11ed-8f81-7085c294413b','2023-05-27 08:38:26','2023-05-27 05:38:26',1,NULL,0,NULL,NULL),('b4ec3dd4-ff2d-11ed-8f81-7085c294413b','b35d8651-eabb-11ed-a0f1-7085c294413b','10.100.0.200',NULL,14075,'10.100.0.200',NULL,5030,'eyJhbGciOiJIUzUxMiIsInR5cCI6IkpXVCJ9.eyJ1dWlkIjoiYjM1ZDg2NTEtZWFiYi0xMWVkLWEwZjEtNzA4NWMyOTQ0MTNiIiwidXNlciI6InJvb3RAcm9vdC5kZSIsInVzZXJfdHlwZV9pZCI6ImE1ZjMxNDJkLWVhYmItMTFlZC1hMGYxLTcwODVjMjk0NDEzYiIsImVtYWlsIjoiMDAwMDAwMDAtMDAwMC0wMDAwLTAwMDAtMDAwMDAwMDAwMDAwIiwiZXhwaXJlc190aW1lIjoiMzAuMDUuMjAyMyAyMzozNToyOCIsInVzZXJfcm9sZSI6InJvb3QiLCJuYmYiOjE2ODU0ODA3MjgsImV4cCI6MTY4NTQ4MjUyOCwiaWF0IjoxNjg1NDgwNzI4LCJpc3MiOiJodHRwOi8vbG9jYWxob3N0OjUwMTAvIiwiYXVkIjoiaHR0cDovL2xvY2FsaG9zdDo1MDEwLyJ9.nomOpz-mB7yMEA8S23tSGP_HBZLEr4-hihlADrhSHQ2KdOPs4gPlrJqr3UPPL-3VzNr2x9glGqnz46XLEf0beQ','2023-05-30 23:35:29','RestSharp/110.2.0.0',NULL,'b4ebae3a-ff2d-11ed-8f81-7085c294413b','2023-05-31 00:05:29','2023-05-30 21:05:29',1,NULL,0,NULL,NULL),('b68eefef-0a38-11ee-91fa-7085c294413b','b35d8651-eabb-11ed-a0f1-7085c294413b','10.100.0.200',NULL,3173,'10.100.0.200',NULL,5030,'eyJhbGciOiJIUzUxMiIsInR5cCI6IkpXVCJ9.eyJ1dWlkIjoiYjM1ZDg2NTEtZWFiYi0xMWVkLWEwZjEtNzA4NWMyOTQ0MTNiIiwidXNlciI6InJvb3RAcm9vdC5kZSIsInVzZXJfdHlwZV9pZCI6ImE1ZjMxNDJkLWVhYmItMTFlZC1hMGYxLTcwODVjMjk0NDEzYiIsImVtYWlsIjoiMDAwMDAwMDAtMDAwMC0wMDAwLTAwMDAtMDAwMDAwMDAwMDAwIiwiZXhwaXJlc190aW1lIjoiMTQuMDYuMjAyMyAwMDo1MTo1OSIsInVzZXJfcm9sZSI6WyJ1c2VyIiwicm9vdCJdLCJuYmYiOjE2ODY2OTQ5MTksImV4cCI6MTY4NjY5NjcxOSwiaWF0IjoxNjg2Njk0OTE5LCJpc3MiOiJodHRwOi8vbG9jYWxob3N0OjUwMTAvIiwiYXVkIjoiaHR0cDovL2xvY2FsaG9zdDo1MDEwLyJ9.C36WZjHGMacG1-C-Kq9oC_o_WVWWRu5nCCDGZQtS_FG8QVBb38bqpB832ZQfTxB4Y4MuJK0NMeFtP1OQWvRO5g','2023-06-14 00:51:59','PostmanRuntime/7.32.2',NULL,'b68e4fea-0a38-11ee-91fa-7085c294413b','2023-06-14 01:21:59','2023-06-13 22:21:59',1,NULL,0,NULL,NULL),('b87b9d77-0874-11ee-b2c8-7085c294413b','b35d8651-eabb-11ed-a0f1-7085c294413b','10.100.0.200',NULL,25761,'10.100.0.200',NULL,5030,'eyJhbGciOiJIUzUxMiIsInR5cCI6IkpXVCJ9.eyJ1dWlkIjoiYjM1ZDg2NTEtZWFiYi0xMWVkLWEwZjEtNzA4NWMyOTQ0MTNiIiwidXNlciI6InJvb3RAcm9vdC5kZSIsInVzZXJfdHlwZV9pZCI6ImE1ZjMxNDJkLWVhYmItMTFlZC1hMGYxLTcwODVjMjk0NDEzYiIsImVtYWlsIjoiMDAwMDAwMDAtMDAwMC0wMDAwLTAwMDAtMDAwMDAwMDAwMDAwIiwiZXhwaXJlc190aW1lIjoiMTEuMDYuMjAyMyAxODo1NjoyOSIsInVzZXJfcm9sZSI6WyJ1c2VyIiwicm9vdCJdLCJuYmYiOjE2ODY1MDA3ODksImV4cCI6MTY4NjUwMjU4OSwiaWF0IjoxNjg2NTAwNzg5LCJpc3MiOiJodHRwOi8vbG9jYWxob3N0OjUwMTAvIiwiYXVkIjoiaHR0cDovL2xvY2FsaG9zdDo1MDEwLyJ9.1Oic2cRArKrczcfeQL9GV1kdNR6T1IOrV2drecY94YHHPBTkTLjYH6cqkNo-FBHwR2PCUgCy2IOQmtR_BgE8hw','2023-06-11 18:56:30','PostmanRuntime/7.32.2',NULL,'b87b060f-0874-11ee-b2c8-7085c294413b','2023-06-11 19:26:30','2023-06-11 16:26:29',1,NULL,0,NULL,NULL),('bab10dcc-0a30-11ee-91fa-7085c294413b','d4368f8d-fd51-11ed-8f81-7085c294413b','10.100.0.200',NULL,1490,'10.100.0.200',NULL,5030,'eyJhbGciOiJIUzUxMiIsInR5cCI6IkpXVCJ9.eyJ1dWlkIjoiZDQzNjhmOGQtZmQ1MS0xMWVkLThmODEtNzA4NWMyOTQ0MTNiIiwidXNlciI6Im1pa2Etcm9vc0B3ZWIuZGUiLCJ1c2VyX3R5cGVfaWQiOiI3MzQwNDI1ZS1hNWI1LTExZWItYmFjMC0zMDljMjM2NGZkYjYiLCJlbWFpbCI6IjAwMDAwMDAwLTAwMDAtMDAwMC0wMDAwLTAwMDAwMDAwMDAwMCIsImV4cGlyZXNfdGltZSI6IjEzLjA2LjIwMjMgMjM6NTQ6NTAiLCJuYmYiOjE2ODY2OTE0OTAsImV4cCI6MTY4NjY5MzI5MCwiaWF0IjoxNjg2NjkxNDkwLCJpc3MiOiJodHRwOi8vbG9jYWxob3N0OjUwMTAvIiwiYXVkIjoiaHR0cDovL2xvY2FsaG9zdDo1MDEwLyJ9.Z6xPcS_aZxAueCNyyhAMbVI3eFJp2jsOEK_xskBsO2S7Ckf9Qu-gNRoORf9fI09oAJdMqrzyFseCRp_dU-A_vQ','2023-06-13 23:54:50','PostmanRuntime/7.32.2',NULL,'bab0c967-0a30-11ee-91fa-7085c294413b','2023-06-14 00:24:50','2023-06-13 21:24:50',1,NULL,0,NULL,NULL),('bdf3d1d0-0a38-11ee-91fa-7085c294413b','d4368f8d-fd51-11ed-8f81-7085c294413b','10.100.0.200',NULL,3173,'10.100.0.200',NULL,5030,'eyJhbGciOiJIUzUxMiIsInR5cCI6IkpXVCJ9.eyJ1dWlkIjoiZDQzNjhmOGQtZmQ1MS0xMWVkLThmODEtNzA4NWMyOTQ0MTNiIiwidXNlciI6Im1pa2Etcm9vc0B3ZWIuZGUiLCJ1c2VyX3R5cGVfaWQiOiI3MzQwNDI1ZS1hNWI1LTExZWItYmFjMC0zMDljMjM2NGZkYjYiLCJlbWFpbCI6IjAwMDAwMDAwLTAwMDAtMDAwMC0wMDAwLTAwMDAwMDAwMDAwMCIsImV4cGlyZXNfdGltZSI6IjE0LjA2LjIwMjMgMDA6NTI6MTEiLCJuYmYiOjE2ODY2OTQ5MzEsImV4cCI6MTY4NjY5NjczMSwiaWF0IjoxNjg2Njk0OTMxLCJpc3MiOiJodHRwOi8vbG9jYWxob3N0OjUwMTAvIiwiYXVkIjoiaHR0cDovL2xvY2FsaG9zdDo1MDEwLyJ9._Thh0T_2Q3CN3BxPNnsX_wCtVymHUHM_exaKAJe98CfdrL24o9HFVDQtTy2GbUilMVeggqRq3daSdClzKjHYuQ','2023-06-14 00:52:12','PostmanRuntime/7.32.2',NULL,'bdf3a012-0a38-11ee-91fa-7085c294413b','2023-06-14 01:22:12','2023-06-13 22:22:11',1,NULL,0,NULL,NULL),('c517f214-0b02-11ee-bc91-7085c294413b','b35d8651-eabb-11ed-a0f1-7085c294413b','10.100.0.200',NULL,50996,'10.100.0.200',NULL,5030,'eyJhbGciOiJIUzUxMiIsInR5cCI6IkpXVCJ9.eyJ1dWlkIjoiYjM1ZDg2NTEtZWFiYi0xMWVkLWEwZjEtNzA4NWMyOTQ0MTNiIiwidXNlciI6InJvb3RAcm9vdC5kZSIsInVzZXJfdHlwZV9pZCI6ImE1ZjMxNDJkLWVhYmItMTFlZC1hMGYxLTcwODVjMjk0NDEzYiIsImVtYWlsIjoiMDAwMDAwMDAtMDAwMC0wMDAwLTAwMDAtMDAwMDAwMDAwMDAwIiwiZXhwaXJlc190aW1lIjoiMTUuMDYuMjAyMyAwMDo1ODoyMSIsInVzZXJfcm9sZSI6WyJ1c2VyIiwicm9vdCJdLCJuYmYiOjE2ODY3ODE3MDEsImV4cCI6MTY4Njc4MzUwMSwiaWF0IjoxNjg2NzgxNzAxLCJpc3MiOiJodHRwOi8vbG9jYWxob3N0OjUwMTAvIiwiYXVkIjoiaHR0cDovL2xvY2FsaG9zdDo1MDEwLyJ9.BnOKwcyxCLqYn819Dewq11UcuCldnH_zcPZvgpoQ--dWgKiwbwACMCriXFmBIib56dIdIeoeSCEya9dE64oGFQ','2023-06-15 00:58:21','PostmanRuntime/7.32.2',NULL,'c5174fb9-0b02-11ee-bc91-7085c294413b','2023-06-15 01:28:21','2023-06-14 22:28:21',1,NULL,0,NULL,NULL),('c5db9655-086a-11ee-b2c8-7085c294413b','b35d8651-eabb-11ed-a0f1-7085c294413b','10.100.0.200',NULL,24341,'10.100.0.200',NULL,5030,'eyJhbGciOiJIUzUxMiIsInR5cCI6IkpXVCJ9.eyJ1dWlkIjoiYjM1ZDg2NTEtZWFiYi0xMWVkLWEwZjEtNzA4NWMyOTQ0MTNiIiwidXNlciI6InJvb3RAcm9vdC5kZSIsInVzZXJfdHlwZV9pZCI6ImE1ZjMxNDJkLWVhYmItMTFlZC1hMGYxLTcwODVjMjk0NDEzYiIsImVtYWlsIjoiMDAwMDAwMDAtMDAwMC0wMDAwLTAwMDAtMDAwMDAwMDAwMDAwIiwiZXhwaXJlc190aW1lIjoiMTEuMDYuMjAyMyAxNzo0NToxNiIsInVzZXJfcm9sZSI6InJvb3QiLCJuYmYiOjE2ODY0OTY1MTcsImV4cCI6MTY4NjQ5ODMxNiwiaWF0IjoxNjg2NDk2NTE3LCJpc3MiOiJodHRwOi8vbG9jYWxob3N0OjUwMTAvIiwiYXVkIjoiaHR0cDovL2xvY2FsaG9zdDo1MDEwLyJ9.gYcod5QaC0JCNp1CLVvc22IrvWFA0QGhLOj98xRrp7Gyza4dwInmeZSMEBqUFdN-oqmPkU8wDcJeD6WdS3Dy6w','2023-06-11 17:45:17','PostmanRuntime/7.32.2',NULL,'c5dae44f-086a-11ee-b2c8-7085c294413b','2023-06-11 18:15:17','2023-06-11 15:15:17',1,NULL,0,NULL,NULL),('d1dbd34a-0a39-11ee-91fa-7085c294413b','d4368f8d-fd51-11ed-8f81-7085c294413b','10.100.0.200',NULL,3340,'10.100.0.200',NULL,5030,'eyJhbGciOiJIUzUxMiIsInR5cCI6IkpXVCJ9.eyJ1dWlkIjoiZDQzNjhmOGQtZmQ1MS0xMWVkLThmODEtNzA4NWMyOTQ0MTNiIiwidXNlciI6Im1pa2Etcm9vc0B3ZWIuZGUiLCJ1c2VyX3R5cGVfaWQiOiI3MzQwNDI1ZS1hNWI1LTExZWItYmFjMC0zMDljMjM2NGZkYjYiLCJlbWFpbCI6IjAwMDAwMDAwLTAwMDAtMDAwMC0wMDAwLTAwMDAwMDAwMDAwMCIsImV4cGlyZXNfdGltZSI6IjE0LjA2LjIwMjMgMDA6NTk6NTQiLCJuYmYiOjE2ODY2OTUzOTQsImV4cCI6MTY4NjY5NzE5NCwiaWF0IjoxNjg2Njk1Mzk0LCJpc3MiOiJodHRwOi8vbG9jYWxob3N0OjUwMTAvIiwiYXVkIjoiaHR0cDovL2xvY2FsaG9zdDo1MDEwLyJ9.oy60oIqIv1LnVIwNmUm9w0LgFZhB8EYi_QfNKkZ2x7g7Efw472ORELjhkbf9OKsh95zcR-zJGQcCLQcLnnRQ4w','2023-06-14 00:59:55','PostmanRuntime/7.32.2',NULL,'d1db24da-0a39-11ee-91fa-7085c294413b','2023-06-14 01:29:55','2023-06-13 22:29:54',1,NULL,0,NULL,NULL),('d80aacd9-04ba-11ee-bf44-7085c294413b','b35d8651-eabb-11ed-a0f1-7085c294413b','10.100.0.200',NULL,42953,'10.100.0.200',NULL,5030,'eyJhbGciOiJIUzUxMiIsInR5cCI6IkpXVCJ9.eyJ1dWlkIjoiYjM1ZDg2NTEtZWFiYi0xMWVkLWEwZjEtNzA4NWMyOTQ0MTNiIiwidXNlciI6InJvb3RAcm9vdC5kZSIsInVzZXJfdHlwZV9pZCI6ImE1ZjMxNDJkLWVhYmItMTFlZC1hMGYxLTcwODVjMjk0NDEzYiIsImVtYWlsIjoiMDAwMDAwMDAtMDAwMC0wMDAwLTAwMDAtMDAwMDAwMDAwMDAwIiwiZXhwaXJlc190aW1lIjoiMDcuMDYuMjAyMyAwMTowODoyMiIsInVzZXJfcm9sZSI6InJvb3QiLCJuYmYiOjE2ODYwOTExMDIsImV4cCI6MTY4NjA5MjkwMiwiaWF0IjoxNjg2MDkxMTAyLCJpc3MiOiJodHRwOi8vbG9jYWxob3N0OjUwMTAvIiwiYXVkIjoiaHR0cDovL2xvY2FsaG9zdDo1MDEwLyJ9.lIXF-uSRS1hCxpuTiuu0_0BHUtmQBhq2NrYXMfIhFqUx7itVlI6wQ25W1punSiEDPR08-1yjr4jDcAI50sH5Tg','2023-06-07 01:08:23','RestSharp/110.2.0.0',NULL,'d80a1195-04ba-11ee-bf44-7085c294413b','2023-06-07 01:38:23','2023-06-06 22:38:23',1,NULL,0,NULL,NULL),('d8cb48ea-0a39-11ee-91fa-7085c294413b','b35d8651-eabb-11ed-a0f1-7085c294413b','10.100.0.200',NULL,3340,'10.100.0.200',NULL,5030,'eyJhbGciOiJIUzUxMiIsInR5cCI6IkpXVCJ9.eyJ1dWlkIjoiYjM1ZDg2NTEtZWFiYi0xMWVkLWEwZjEtNzA4NWMyOTQ0MTNiIiwidXNlciI6InJvb3RAcm9vdC5kZSIsInVzZXJfdHlwZV9pZCI6ImE1ZjMxNDJkLWVhYmItMTFlZC1hMGYxLTcwODVjMjk0NDEzYiIsImVtYWlsIjoiMDAwMDAwMDAtMDAwMC0wMDAwLTAwMDAtMDAwMDAwMDAwMDAwIiwiZXhwaXJlc190aW1lIjoiMTQuMDYuMjAyMyAwMTowMDowNiIsInVzZXJfcm9sZSI6WyJ1c2VyIiwicm9vdCJdLCJuYmYiOjE2ODY2OTU0MDYsImV4cCI6MTY4NjY5NzIwNiwiaWF0IjoxNjg2Njk1NDA2LCJpc3MiOiJodHRwOi8vbG9jYWxob3N0OjUwMTAvIiwiYXVkIjoiaHR0cDovL2xvY2FsaG9zdDo1MDEwLyJ9.q-eNDhLopEGKgbbImNqkOkJzhMcosqm0JeHEpGQnytCv9FdlpRiAoffWP4Pu2hPvyc4qfTX_dmzBHC8yY--bCQ','2023-06-14 01:00:06','PostmanRuntime/7.32.2',NULL,'d8cb1a88-0a39-11ee-91fa-7085c294413b','2023-06-14 01:30:06','2023-06-13 22:30:06',1,NULL,0,NULL,NULL),('da05c509-1452-11ee-ac7f-7085c294413b','b35d8651-eabb-11ed-a0f1-7085c294413b','10.100.0.200',NULL,40587,'10.100.0.200',NULL,5030,'eyJhbGciOiJIUzUxMiIsInR5cCI6IkpXVCJ9.eyJ1dWlkIjoiYjM1ZDg2NTEtZWFiYi0xMWVkLWEwZjEtNzA4NWMyOTQ0MTNiIiwidXNlciI6InJvb3RAcm9vdC5kZSIsInVzZXJfdHlwZV9pZCI6ImE1ZjMxNDJkLWVhYmItMTFlZC1hMGYxLTcwODVjMjk0NDEzYiIsImVtYWlsIjoiMDAwMDAwMDAtMDAwMC0wMDAwLTAwMDAtMDAwMDAwMDAwMDAwIiwiZXhwaXJlc190aW1lIjoiMjYuMDYuMjAyMyAyMToyNDoxNyIsInVzZXJfcm9sZSI6WyJ1c2VyIiwicm9vdCJdLCJuYmYiOjE2ODc4MDU2NTcsImV4cCI6MTY4NzgwNzQ1NywiaWF0IjoxNjg3ODA1NjU3LCJpc3MiOiJodHRwOi8vbG9jYWxob3N0OjUwMTAvIiwiYXVkIjoiaHR0cDovL2xvY2FsaG9zdDo1MDEwLyJ9.qLP5_u6-FhgF_MrUQwf6_2OA3RhRslTBTEe_0TQSYf-LawUHEXRqHdgcsg2jKfSUDW5x61oo_3tO9ZHlrmpLVA','2023-06-26 21:24:17','PostmanRuntime/7.32.3',NULL,'da051c40-1452-11ee-ac7f-7085c294413b','2023-06-26 21:54:17','2023-06-26 18:54:17',1,NULL,0,NULL,NULL),('ddc56975-fbf0-11ed-8f81-7085c294413b','b35d8651-eabb-11ed-a0f1-7085c294413b','10.100.0.200',NULL,15364,'10.100.0.200',NULL,5030,'eyJhbGciOiJIUzUxMiIsInR5cCI6IkpXVCJ9.eyJ1dWlkIjoiYjM1ZDg2NTEtZWFiYi0xMWVkLWEwZjEtNzA4NWMyOTQ0MTNiIiwidXNlciI6InJvb3RAcm9vdC5kZSIsInVzZXJfdHlwZV9pZCI6ImE1ZjMxNDJkLWVhYmItMTFlZC1hMGYxLTcwODVjMjk0NDEzYiIsImVtYWlsIjoiMDAwMDAwMDAtMDAwMC0wMDAwLTAwMDAtMDAwMDAwMDAwMDAwIiwiZXhwaXJlc190aW1lIjoiMjYuMDUuMjAyMyAyMDo0MjoyNCIsInVzZXJfcm9sZSI6InJvb3QiLCJuYmYiOjE2ODUxMjQ3NDQsImV4cCI6MTY4NTEyNjU0NCwiaWF0IjoxNjg1MTI0NzQ0LCJpc3MiOiJodHRwOi8vbG9jYWxob3N0OjUwMTAvIiwiYXVkIjoiaHR0cDovL2xvY2FsaG9zdDo1MDEwLyJ9.pqnwadpN2S5MCRJtwcM6YV1TUBo5t1QfND4Ev6Sn4yKWZv9bcqyqvqt3IpPZxDxKaj7ErVDhgvIfLCu9kQCrPA','2023-05-26 20:42:25','PostmanRuntime/7.29.2',NULL,'ddc4d53a-fbf0-11ed-8f81-7085c294413b','2023-05-26 21:12:25','2023-05-26 18:12:24',1,NULL,0,NULL,NULL),('e257208e-ff23-11ed-8f81-7085c294413b','b35d8651-eabb-11ed-a0f1-7085c294413b','10.100.0.200',NULL,9809,'10.100.0.200',NULL,5030,'eyJhbGciOiJIUzUxMiIsInR5cCI6IkpXVCJ9.eyJ1dWlkIjoiYjM1ZDg2NTEtZWFiYi0xMWVkLWEwZjEtNzA4NWMyOTQ0MTNiIiwidXNlciI6InJvb3RAcm9vdC5kZSIsInVzZXJfdHlwZV9pZCI6ImE1ZjMxNDJkLWVhYmItMTFlZC1hMGYxLTcwODVjMjk0NDEzYiIsImVtYWlsIjoiMDAwMDAwMDAtMDAwMC0wMDAwLTAwMDAtMDAwMDAwMDAwMDAwIiwiZXhwaXJlc190aW1lIjoiMzAuMDUuMjAyMyAyMjoyNTowOSIsInVzZXJfcm9sZSI6InJvb3QiLCJuYmYiOjE2ODU0NzY1MTAsImV4cCI6MTY4NTQ3ODMwOSwiaWF0IjoxNjg1NDc2NTEwLCJpc3MiOiJodHRwOi8vbG9jYWxob3N0OjUwMTAvIiwiYXVkIjoiaHR0cDovL2xvY2FsaG9zdDo1MDEwLyJ9.pjQl-cDtnrGIqXO1O6Jl5uQ172pvuUbMJq9asKvy_TQNAjrvQ7jWZfgFIpEHNh-cETyi02bdM_y-5KF2DEmTGQ','2023-05-30 22:25:10','RestSharp/110.2.0.0',NULL,'e2568232-ff23-11ed-8f81-7085c294413b','2023-05-30 22:55:10','2023-05-30 19:55:10',1,NULL,0,NULL,NULL),('e5bc6804-fbea-11ed-8f81-7085c294413b','b35d8651-eabb-11ed-a0f1-7085c294413b','10.100.0.200',NULL,9685,'10.100.0.200',NULL,5030,'eyJhbGciOiJIUzUxMiIsInR5cCI6IkpXVCJ9.eyJ1dWlkIjoiYjM1ZDg2NTEtZWFiYi0xMWVkLWEwZjEtNzA4NWMyOTQ0MTNiIiwidXNlciI6InJvb3RAcm9vdC5kZSIsInVzZXJfdHlwZV9pZCI6ImE1ZjMxNDJkLWVhYmItMTFlZC1hMGYxLTcwODVjMjk0NDEzYiIsImVtYWlsIjoiMDAwMDAwMDAtMDAwMC0wMDAwLTAwMDAtMDAwMDAwMDAwMDAwIiwiZXhwaXJlc190aW1lIjoiMjYuMDUuMjAyMyAxOTo1OTo0MSIsIm5iZiI6MTY4NTEyMjE4MSwiZXhwIjoxNjg1MTIzOTgxLCJpYXQiOjE2ODUxMjIxODEsImlzcyI6Imh0dHA6Ly9sb2NhbGhvc3Q6NTAxMC8iLCJhdWQiOiJodHRwOi8vbG9jYWxob3N0OjUwMTAvIn0.8Bozi78CJDmc8Jg99xN5xG1tqHx5Nc6ku7IqRI0-dBGs4gsuOueS5x32qTtzLOChWla4g1t39zm9u79u-YsyMA','2023-05-26 19:59:41','PostmanRuntime/7.29.2',NULL,'e5bc092a-fbea-11ed-8f81-7085c294413b','2023-05-26 20:29:41','2023-05-26 17:29:41',1,NULL,0,NULL,NULL),('eaa4bc55-145a-11ee-ac7f-7085c294413b','b35d8651-eabb-11ed-a0f1-7085c294413b','10.100.0.200',NULL,41374,'10.100.0.200',NULL,5030,'eyJhbGciOiJIUzUxMiIsInR5cCI6IkpXVCJ9.eyJ1dWlkIjoiYjM1ZDg2NTEtZWFiYi0xMWVkLWEwZjEtNzA4NWMyOTQ0MTNiIiwidXNlciI6InJvb3RAcm9vdC5kZSIsInVzZXJfdHlwZV9pZCI6ImE1ZjMxNDJkLWVhYmItMTFlZC1hMGYxLTcwODVjMjk0NDEzYiIsImVtYWlsIjoiMDAwMDAwMDAtMDAwMC0wMDAwLTAwMDAtMDAwMDAwMDAwMDAwIiwiZXhwaXJlc190aW1lIjoiMjYuMDYuMjAyMyAyMjoyMjowMSIsInVzZXJfcm9sZSI6WyJ1c2VyIiwicm9vdCJdLCJuYmYiOjE2ODc4MDkxMjEsImV4cCI6MTY4NzgxMDkyMSwiaWF0IjoxNjg3ODA5MTIxLCJpc3MiOiJodHRwOi8vbG9jYWxob3N0OjUwMTAvIiwiYXVkIjoiaHR0cDovL2xvY2FsaG9zdDo1MDEwLyJ9.Qyi7HdDw4Os2HN96kSCzab-BJpp8mHwIG9mr_ZYF92bElLu2D4P68YyOP2KZ7d7gzLnzZ2i1-RSb_YzMxAy4hw','2023-06-26 22:22:01','PostmanRuntime/7.32.3',NULL,'eaa40b8a-145a-11ee-ac7f-7085c294413b','2023-06-26 22:52:01','2023-06-26 19:52:01',1,NULL,0,NULL,NULL),('eb9e92bf-fbef-11ed-8f81-7085c294413b','b35d8651-eabb-11ed-a0f1-7085c294413b','10.100.0.200',NULL,14483,'10.100.0.200',NULL,5030,'eyJhbGciOiJIUzUxMiIsInR5cCI6IkpXVCJ9.eyJ1dWlkIjoiYjM1ZDg2NTEtZWFiYi0xMWVkLWEwZjEtNzA4NWMyOTQ0MTNiIiwidXNlciI6InJvb3RAcm9vdC5kZSIsInVzZXJfdHlwZV9pZCI6ImE1ZjMxNDJkLWVhYmItMTFlZC1hMGYxLTcwODVjMjk0NDEzYiIsImVtYWlsIjoiMDAwMDAwMDAtMDAwMC0wMDAwLTAwMDAtMDAwMDAwMDAwMDAwIiwiZXhwaXJlc190aW1lIjoiMjYuMDUuMjAyMyAyMDozNTozOCIsInVzZXJfcm9sZSI6WyJ1c2VyIiwicm9vdCJdLCJuYmYiOjE2ODUxMjQzMzgsImV4cCI6MTY4NTEyNjEzOCwiaWF0IjoxNjg1MTI0MzM4LCJpc3MiOiJodHRwOi8vbG9jYWxob3N0OjUwMTAvIiwiYXVkIjoiaHR0cDovL2xvY2FsaG9zdDo1MDEwLyJ9.ZUmWwR-l9ILbHovutgcackd-G4rX6PDjmPD2CHG_SH4bbDjrZOURqfQgwLviQVP19tC8TMiFXYkhmDQnYKB6bw','2023-05-26 20:35:39','PostmanRuntime/7.29.2',NULL,'eb9e562d-fbef-11ed-8f81-7085c294413b','2023-05-26 21:05:39','2023-05-26 18:05:38',1,NULL,0,NULL,NULL),('ee03bf30-fbee-11ed-8f81-7085c294413b','b35d8651-eabb-11ed-a0f1-7085c294413b','10.100.0.200',NULL,13945,'10.100.0.200',NULL,5030,'eyJhbGciOiJIUzUxMiIsInR5cCI6IkpXVCJ9.eyJ1dWlkIjoiYjM1ZDg2NTEtZWFiYi0xMWVkLWEwZjEtNzA4NWMyOTQ0MTNiIiwidXNlciI6InJvb3RAcm9vdC5kZSIsInVzZXJfdHlwZV9pZCI6ImE1ZjMxNDJkLWVhYmItMTFlZC1hMGYxLTcwODVjMjk0NDEzYiIsImVtYWlsIjoiMDAwMDAwMDAtMDAwMC0wMDAwLTAwMDAtMDAwMDAwMDAwMDAwIiwiZXhwaXJlc190aW1lIjoiMjYuMDUuMjAyMyAyMDoyODozMyIsInVzZXJfcm9sZSI6InJvb3QiLCJuYmYiOjE2ODUxMjM5MTMsImV4cCI6MTY4NTEyNTcxMywiaWF0IjoxNjg1MTIzOTEzLCJpc3MiOiJodHRwOi8vbG9jYWxob3N0OjUwMTAvIiwiYXVkIjoiaHR0cDovL2xvY2FsaG9zdDo1MDEwLyJ9.oqRT_W0-75v6zl2oJaWxSNnL94MIbHFBXVREg1leDeftXyiMyQyIoWFdRsquQ4x3VQR2Qq726GQHLQRb2G6-ug','2023-05-26 20:28:33','PostmanRuntime/7.29.2',NULL,'ee03755a-fbee-11ed-8f81-7085c294413b','2023-05-26 20:58:33','2023-05-26 17:58:33',1,NULL,0,NULL,NULL),('ef5c236d-fc50-11ed-8f81-7085c294413b','b35d8651-eabb-11ed-a0f1-7085c294413b','10.100.0.200',NULL,25106,'10.100.0.200',NULL,5030,'eyJhbGciOiJIUzUxMiIsInR5cCI6IkpXVCJ9.eyJ1dWlkIjoiYjM1ZDg2NTEtZWFiYi0xMWVkLWEwZjEtNzA4NWMyOTQ0MTNiIiwidXNlciI6InJvb3RAcm9vdC5kZSIsInVzZXJfdHlwZV9pZCI6ImE1ZjMxNDJkLWVhYmItMTFlZC1hMGYxLTcwODVjMjk0NDEzYiIsImVtYWlsIjoiMDAwMDAwMDAtMDAwMC0wMDAwLTAwMDAtMDAwMDAwMDAwMDAwIiwiZXhwaXJlc190aW1lIjoiMjcuMDUuMjAyMyAwODoxMDowNiIsInVzZXJfcm9sZSI6InJvb3QiLCJuYmYiOjE2ODUxNjYwMDYsImV4cCI6MTY4NTE2NzgwNiwiaWF0IjoxNjg1MTY2MDA2LCJpc3MiOiJodHRwOi8vbG9jYWxob3N0OjUwMTAvIiwiYXVkIjoiaHR0cDovL2xvY2FsaG9zdDo1MDEwLyJ9.2bMWbdsjB8eznVs5geTsBZxUR9-Iiozd-A4mUChKMXdvVZPH6fYYQ4zJcTNUQeUrBMf6KAFJN0JjtIiswsebVA','2023-05-27 08:10:06','RestSharp/110.2.0.0',NULL,'ef5b6b60-fc50-11ed-8f81-7085c294413b','2023-05-27 08:40:06','2023-05-27 05:40:06',1,NULL,0,NULL,NULL),('ef901aa2-0878-11ee-b2c8-7085c294413b','b35d8651-eabb-11ed-a0f1-7085c294413b','10.100.0.200',NULL,26279,'10.100.0.200',NULL,5030,'eyJhbGciOiJIUzUxMiIsInR5cCI6IkpXVCJ9.eyJ1dWlkIjoiYjM1ZDg2NTEtZWFiYi0xMWVkLWEwZjEtNzA4NWMyOTQ0MTNiIiwidXNlciI6InJvb3RAcm9vdC5kZSIsInVzZXJfdHlwZV9pZCI6ImE1ZjMxNDJkLWVhYmItMTFlZC1hMGYxLTcwODVjMjk0NDEzYiIsImVtYWlsIjoiMDAwMDAwMDAtMDAwMC0wMDAwLTAwMDAtMDAwMDAwMDAwMDAwIiwiZXhwaXJlc190aW1lIjoiMTEuMDYuMjAyMyAxOToyNjo0MCIsInVzZXJfcm9sZSI6WyJ1c2VyIiwicm9vdCJdLCJuYmYiOjE2ODY1MDI2MDAsImV4cCI6MTY4NjUwNDQwMCwiaWF0IjoxNjg2NTAyNjAwLCJpc3MiOiJodHRwOi8vbG9jYWxob3N0OjUwMTAvIiwiYXVkIjoiaHR0cDovL2xvY2FsaG9zdDo1MDEwLyJ9.PdxTPIFM7JdXZj2HEs26VkJpB70hO5rJbA7qN4lN7EnVvqWrBqU2_Y_1NmuAtiVwyFwee5HTK3NA5oE4EopdOQ','2023-06-11 19:26:40','PostmanRuntime/7.32.2',NULL,'ef8fe0ca-0878-11ee-b2c8-7085c294413b','2023-06-11 19:56:40','2023-06-11 16:56:40',1,NULL,0,NULL,NULL),('f0107370-fbce-11ed-8f81-7085c294413b','b35d8651-eabb-11ed-a0f1-7085c294413b','10.100.0.200',NULL,38960,'10.100.0.200',NULL,5030,'eyJhbGciOiJIUzUxMiIsInR5cCI6IkpXVCJ9.eyJ1dWlkIjoiYjM1ZDg2NTEtZWFiYi0xMWVkLWEwZjEtNzA4NWMyOTQ0MTNiIiwidXNlciI6InJvb3RAcm9vdC5kZSIsInVzZXJfdHlwZV9pZCI6ImE1ZjMxNDJkLWVhYmItMTFlZC1hMGYxLTcwODVjMjk0NDEzYiIsImVtYWlsIjoiMDAwMDAwMDAtMDAwMC0wMDAwLTAwMDAtMDAwMDAwMDAwMDAwIiwiZXhwaXJlc190aW1lIjoiMjYuMDUuMjAyMyAxNjozOTozMiIsImFwaV9hY2Nlc3NfZ3JhbnQiOiJGYWxzZSIsIm5iZiI6MTY4NTExMDE3MiwiZXhwIjoxNjg1MTExOTcyLCJpYXQiOjE2ODUxMTAxNzIsImlzcyI6Imh0dHA6Ly9sb2NhbGhvc3Q6NTAxMC8iLCJhdWQiOiJodHRwOi8vbG9jYWxob3N0OjUwMTAvIn0.bZSQZsG-7i_59DSS99594Cyl1KxavpHZJ7dIDUZ50GITp2TH8IzI9UdmCh9lo83cOEAXRLp2eBcTi-weKKNsGg','2023-05-26 16:39:33','RestSharp/110.2.0.0',NULL,'f00fc6e8-fbce-11ed-8f81-7085c294413b','2023-05-26 17:09:33','2023-05-26 14:09:32',1,NULL,0,NULL,NULL),('f0ac4012-fc53-11ed-8f81-7085c294413b','b35d8651-eabb-11ed-a0f1-7085c294413b','10.100.0.200',NULL,27322,'10.100.0.200',NULL,5030,'eyJhbGciOiJIUzUxMiIsInR5cCI6IkpXVCJ9.eyJ1dWlkIjoiYjM1ZDg2NTEtZWFiYi0xMWVkLWEwZjEtNzA4NWMyOTQ0MTNiIiwidXNlciI6InJvb3RAcm9vdC5kZSIsInVzZXJfdHlwZV9pZCI6ImE1ZjMxNDJkLWVhYmItMTFlZC1hMGYxLTcwODVjMjk0NDEzYiIsImVtYWlsIjoiMDAwMDAwMDAtMDAwMC0wMDAwLTAwMDAtMDAwMDAwMDAwMDAwIiwiZXhwaXJlc190aW1lIjoiMjcuMDUuMjAyMyAwODozMTozNiIsInVzZXJfcm9sZSI6InJvb3QiLCJuYmYiOjE2ODUxNjcyOTYsImV4cCI6MTY4NTE2OTA5NiwiaWF0IjoxNjg1MTY3Mjk2LCJpc3MiOiJodHRwOi8vbG9jYWxob3N0OjUwMTAvIiwiYXVkIjoiaHR0cDovL2xvY2FsaG9zdDo1MDEwLyJ9.sHExDv3vm52ir_fcDhAIcrjEn3AP9IFdUqC7oD6ejyca7941qdN7HKjGQVIQTNJgO3rH295w08G5uS3X8vOOJQ','2023-05-27 08:31:37','RestSharp/110.2.0.0',NULL,'f0abb85d-fc53-11ed-8f81-7085c294413b','2023-05-27 09:01:37','2023-05-27 06:01:36',1,NULL,0,NULL,NULL),('f4c08e91-0a2f-11ee-91fa-7085c294413b','b35d8651-eabb-11ed-a0f1-7085c294413b','10.100.0.200',NULL,1490,'10.100.0.200',NULL,5030,'eyJhbGciOiJIUzUxMiIsInR5cCI6IkpXVCJ9.eyJ1dWlkIjoiYjM1ZDg2NTEtZWFiYi0xMWVkLWEwZjEtNzA4NWMyOTQ0MTNiIiwidXNlciI6InJvb3RAcm9vdC5kZSIsInVzZXJfdHlwZV9pZCI6ImE1ZjMxNDJkLWVhYmItMTFlZC1hMGYxLTcwODVjMjk0NDEzYiIsImVtYWlsIjoiMDAwMDAwMDAtMDAwMC0wMDAwLTAwMDAtMDAwMDAwMDAwMDAwIiwiZXhwaXJlc190aW1lIjoiMTMuMDYuMjAyMyAyMzo0OToxNiIsInVzZXJfcm9sZSI6WyJ1c2VyIiwicm9vdCJdLCJuYmYiOjE2ODY2OTExNTYsImV4cCI6MTY4NjY5Mjk1NiwiaWF0IjoxNjg2NjkxMTU2LCJpc3MiOiJodHRwOi8vbG9jYWxob3N0OjUwMTAvIiwiYXVkIjoiaHR0cDovL2xvY2FsaG9zdDo1MDEwLyJ9.XNbnN_8K2nhZpfiRbAjYGPUdYp7A4IStF2NkFzREdHNwDfHbj0kL1h5nO2YlVgXUZhHP7Wtc9sjjiotLawrqog','2023-06-13 23:49:16','PostmanRuntime/7.32.2',NULL,'f4bfd8ff-0a2f-11ee-91fa-7085c294413b','2023-06-14 00:19:16','2023-06-13 21:19:18',1,NULL,0,NULL,NULL),('f52f506e-083f-11ee-b2c8-7085c294413b','b35d8651-eabb-11ed-a0f1-7085c294413b','10.100.0.200',NULL,17160,'10.100.0.200',NULL,5030,'eyJhbGciOiJIUzUxMiIsInR5cCI6IkpXVCJ9.eyJ1dWlkIjoiYjM1ZDg2NTEtZWFiYi0xMWVkLWEwZjEtNzA4NWMyOTQ0MTNiIiwidXNlciI6InJvb3RAcm9vdC5kZSIsInVzZXJfdHlwZV9pZCI6ImE1ZjMxNDJkLWVhYmItMTFlZC1hMGYxLTcwODVjMjk0NDEzYiIsImVtYWlsIjoiMDAwMDAwMDAtMDAwMC0wMDAwLTAwMDAtMDAwMDAwMDAwMDAwIiwiZXhwaXJlc190aW1lIjoiMTEuMDYuMjAyMyAxMjozODo0OCIsInVzZXJfcm9sZSI6InJvb3QiLCJuYmYiOjE2ODY0NzgxMjgsImV4cCI6MTY4NjQ3OTkyOCwiaWF0IjoxNjg2NDc4MTI4LCJpc3MiOiJodHRwOi8vbG9jYWxob3N0OjUwMTAvIiwiYXVkIjoiaHR0cDovL2xvY2FsaG9zdDo1MDEwLyJ9.yx4c3OUf6CgE2IZ7gfhU1ph5k7ik_5ueO9-35rtW4eOd4uJ-dgogOoqWmpxuEl0OLYov5qR388HKotCOkj5iwA','2023-06-11 12:38:48','PostmanRuntime/7.32.2',NULL,'f52f106d-083f-11ee-b2c8-7085c294413b','2023-06-11 13:08:48','2023-06-11 10:08:48',1,NULL,0,NULL,NULL),('f6610a12-0a41-11ee-91fa-7085c294413b','d4368f8d-fd51-11ed-8f81-7085c294413b','10.100.0.200',NULL,4163,'10.100.0.200',NULL,5030,'eyJhbGciOiJIUzUxMiIsInR5cCI6IkpXVCJ9.eyJ1dWlkIjoiZDQzNjhmOGQtZmQ1MS0xMWVkLThmODEtNzA4NWMyOTQ0MTNiIiwidXNlciI6Im1pa2Etcm9vc0B3ZWIuZGUiLCJ1c2VyX3R5cGVfaWQiOiI3MzQwNDI1ZS1hNWI1LTExZWItYmFjMC0zMDljMjM2NGZkYjYiLCJlbWFpbCI6IjAwMDAwMDAwLTAwMDAtMDAwMC0wMDAwLTAwMDAwMDAwMDAwMCIsImV4cGlyZXNfdGltZSI6IjE0LjA2LjIwMjMgMDE6NTg6MTEiLCJuYmYiOjE2ODY2OTg4OTEsImV4cCI6MTY4NjcwMDY5MSwiaWF0IjoxNjg2Njk4ODkxLCJpc3MiOiJodHRwOi8vbG9jYWxob3N0OjUwMTAvIiwiYXVkIjoiaHR0cDovL2xvY2FsaG9zdDo1MDEwLyJ9.quPWudMtJKF2RZSZu1a8ZyC3jbi9j8qCl16mv2wp4-DotazlkTDcS1TLCSRuydKTq5bflATDWD5PV0qkYbKyvQ','2023-06-14 01:58:12','PostmanRuntime/7.32.2',NULL,'f66062ae-0a41-11ee-91fa-7085c294413b','2023-06-14 02:28:12','2023-06-13 23:28:11',1,NULL,0,NULL,NULL),('fa724ab9-0a41-11ee-91fa-7085c294413b','b35d8651-eabb-11ed-a0f1-7085c294413b','10.100.0.200',NULL,4163,'10.100.0.200',NULL,5030,'eyJhbGciOiJIUzUxMiIsInR5cCI6IkpXVCJ9.eyJ1dWlkIjoiYjM1ZDg2NTEtZWFiYi0xMWVkLWEwZjEtNzA4NWMyOTQ0MTNiIiwidXNlciI6InJvb3RAcm9vdC5kZSIsInVzZXJfdHlwZV9pZCI6ImE1ZjMxNDJkLWVhYmItMTFlZC1hMGYxLTcwODVjMjk0NDEzYiIsImVtYWlsIjoiMDAwMDAwMDAtMDAwMC0wMDAwLTAwMDAtMDAwMDAwMDAwMDAwIiwiZXhwaXJlc190aW1lIjoiMTQuMDYuMjAyMyAwMTo1ODoxOCIsInVzZXJfcm9sZSI6WyJ1c2VyIiwicm9vdCJdLCJuYmYiOjE2ODY2OTg4OTgsImV4cCI6MTY4NjcwMDY5OCwiaWF0IjoxNjg2Njk4ODk4LCJpc3MiOiJodHRwOi8vbG9jYWxob3N0OjUwMTAvIiwiYXVkIjoiaHR0cDovL2xvY2FsaG9zdDo1MDEwLyJ9.B0dlTGNAJTsu85IcN1YH1ligA1iFx3Bfi3DIrMtU9ckCVFHwT-iWtM50Lkc_e4EhvEPEx7qxS3iVdLIkqyfTBg','2023-06-14 01:58:19','PostmanRuntime/7.32.2',NULL,'fa72124a-0a41-11ee-91fa-7085c294413b','2023-06-14 02:28:19','2023-06-13 23:28:18',1,NULL,0,NULL,NULL),('ffee3b09-fbef-11ed-8f81-7085c294413b','b35d8651-eabb-11ed-a0f1-7085c294413b','10.100.0.200',NULL,14483,'10.100.0.200',NULL,5030,'eyJhbGciOiJIUzUxMiIsInR5cCI6IkpXVCJ9.eyJ1dWlkIjoiYjM1ZDg2NTEtZWFiYi0xMWVkLWEwZjEtNzA4NWMyOTQ0MTNiIiwidXNlciI6InJvb3RAcm9vdC5kZSIsInVzZXJfdHlwZV9pZCI6ImE1ZjMxNDJkLWVhYmItMTFlZC1hMGYxLTcwODVjMjk0NDEzYiIsImVtYWlsIjoiMDAwMDAwMDAtMDAwMC0wMDAwLTAwMDAtMDAwMDAwMDAwMDAwIiwiZXhwaXJlc190aW1lIjoiMjYuMDUuMjAyMyAyMDozNjoxMiIsInVzZXJfcm9sZSI6InVzZXIiLCJuYmYiOjE2ODUxMjQzNzIsImV4cCI6MTY4NTEyNjE3MiwiaWF0IjoxNjg1MTI0MzcyLCJpc3MiOiJodHRwOi8vbG9jYWxob3N0OjUwMTAvIiwiYXVkIjoiaHR0cDovL2xvY2FsaG9zdDo1MDEwLyJ9.mptpRtZJ13KKoRzS5nabJ99u68J05n91mVY1fQtq_Qvjxy9PwDRFe75zn1wRGpO_sXbTYRktuTrfQGIH3-D9KQ','2023-05-26 20:36:13','PostmanRuntime/7.29.2',NULL,'ffee0b86-fbef-11ed-8f81-7085c294413b','2023-05-26 21:06:13','2023-05-26 18:06:12',1,NULL,0,NULL,NULL);
/*!40000 ALTER TABLE `auth` ENABLE KEYS */;
UNLOCK TABLES;

--
-- Table structure for table `chat`
--

DROP TABLE IF EXISTS `chat`;
/*!40101 SET @saved_cs_client     = @@character_set_client */;
/*!50503 SET character_set_client = utf8mb4 */;
CREATE TABLE `chat` (
  `uuid` varchar(36) NOT NULL,
  `creation_datetime` timestamp NULL DEFAULT CURRENT_TIMESTAMP,
  `active` tinyint NOT NULL DEFAULT '1',
  `activation_datetime` datetime DEFAULT NULL,
  `deleted` tinyint DEFAULT '0',
  `deletion_datetime` datetime DEFAULT NULL,
  `changed_datetime` datetime DEFAULT NULL,
  PRIMARY KEY (`uuid`)
) ENGINE=InnoDB DEFAULT CHARSET=utf8mb3;
/*!40101 SET character_set_client = @saved_cs_client */;

--
-- Dumping data for table `chat`
--

LOCK TABLES `chat` WRITE;
/*!40000 ALTER TABLE `chat` DISABLE KEYS */;
INSERT INTO `chat` VALUES ('d4368f8d-fd51-11ed-8f81-7085c294413b','2023-06-13 23:33:12',1,NULL,0,NULL,NULL);
/*!40000 ALTER TABLE `chat` ENABLE KEYS */;
UNLOCK TABLES;

--
-- Table structure for table `chat_relation_to_user`
--

DROP TABLE IF EXISTS `chat_relation_to_user`;
/*!40101 SET @saved_cs_client     = @@character_set_client */;
/*!50503 SET character_set_client = utf8mb4 */;
CREATE TABLE `chat_relation_to_user` (
  `uuid` varchar(36) NOT NULL,
  `creation_datetime` timestamp NULL DEFAULT CURRENT_TIMESTAMP,
  `active` tinyint NOT NULL DEFAULT '1',
  `activation_datetime` datetime DEFAULT NULL,
  `deleted` tinyint DEFAULT '0',
  `deletion_datetime` datetime DEFAULT NULL,
  `changed_datetime` datetime DEFAULT NULL,
  `chat_uuid` varchar(36) NOT NULL,
  `user_uuid` varchar(36) NOT NULL,
  `name` varchar(64) DEFAULT NULL,
  `description` varchar(255) DEFAULT NULL,
  PRIMARY KEY (`uuid`),
  KEY `fkChatToUser_idx` (`user_uuid`),
  KEY `fkChatToChat_idx` (`chat_uuid`),
  CONSTRAINT `fkChatToChat` FOREIGN KEY (`chat_uuid`) REFERENCES `chat` (`uuid`),
  CONSTRAINT `fkChatToUser` FOREIGN KEY (`user_uuid`) REFERENCES `user` (`uuid`)
) ENGINE=InnoDB DEFAULT CHARSET=utf8mb3;
/*!40101 SET character_set_client = @saved_cs_client */;

--
-- Dumping data for table `chat_relation_to_user`
--

LOCK TABLES `chat_relation_to_user` WRITE;
/*!40000 ALTER TABLE `chat_relation_to_user` DISABLE KEYS */;
INSERT INTO `chat_relation_to_user` VALUES ('a77042da-144e-11ee-ac7f-7085c294413b','2023-06-26 18:24:24',1,NULL,0,NULL,NULL,'d4368f8d-fd51-11ed-8f81-7085c294413b','d4368f8d-fd51-11ed-8f81-7085c294413b',NULL,NULL),('aa744ee0-144e-11ee-ac7f-7085c294413b','2023-06-26 18:24:24',1,NULL,0,NULL,NULL,'d4368f8d-fd51-11ed-8f81-7085c294413b','b35d8651-eabb-11ed-a0f1-7085c294413b',NULL,NULL);
/*!40000 ALTER TABLE `chat_relation_to_user` ENABLE KEYS */;
UNLOCK TABLES;

--
-- Table structure for table `message`
--

DROP TABLE IF EXISTS `message`;
/*!40101 SET @saved_cs_client     = @@character_set_client */;
/*!50503 SET character_set_client = utf8mb4 */;
CREATE TABLE `message` (
  `uuid` varchar(36) NOT NULL,
  `creation_datetime` timestamp NULL DEFAULT CURRENT_TIMESTAMP,
  `active` tinyint NOT NULL DEFAULT '1',
  `activation_datetime` datetime DEFAULT NULL,
  `deleted` tinyint DEFAULT '0',
  `deletion_datetime` datetime DEFAULT NULL,
  `changed_datetime` datetime DEFAULT NULL,
  `chat_uuid` varchar(36) NOT NULL,
  `message_owner` varchar(36) DEFAULT NULL,
  `text` text NOT NULL,
  `binary_content` blob,
  PRIMARY KEY (`uuid`),
  KEY `fkMessageToChat_idx` (`chat_uuid`),
  KEY `fkMessageOwnerToUser_idx` (`message_owner`),
  CONSTRAINT `fkMessageOwnerToUser` FOREIGN KEY (`message_owner`) REFERENCES `user` (`uuid`),
  CONSTRAINT `fkMessageToChat` FOREIGN KEY (`chat_uuid`) REFERENCES `chat` (`uuid`)
) ENGINE=InnoDB DEFAULT CHARSET=utf8mb3;
/*!40101 SET character_set_client = @saved_cs_client */;

--
-- Dumping data for table `message`
--

LOCK TABLES `message` WRITE;
/*!40000 ALTER TABLE `message` DISABLE KEYS */;
INSERT INTO `message` VALUES ('0d1613ed-146a-11ee-ac7f-7085c294413b','2023-06-26 21:40:21',1,NULL,0,NULL,NULL,'d4368f8d-fd51-11ed-8f81-7085c294413b','d4368f8d-fd51-11ed-8f81-7085c294413b','hi wollen wir freunde sein?',NULL),('0f9a9fdf-146a-11ee-ac7f-7085c294413b','2023-06-26 21:40:25',1,NULL,0,NULL,NULL,'d4368f8d-fd51-11ed-8f81-7085c294413b','d4368f8d-fd51-11ed-8f81-7085c294413b','hi wollen wir freunde sein?',NULL),('108a0149-146a-11ee-ac7f-7085c294413b','2023-06-26 21:40:27',1,NULL,0,NULL,NULL,'d4368f8d-fd51-11ed-8f81-7085c294413b','d4368f8d-fd51-11ed-8f81-7085c294413b','hi wollen wir freunde sein?',NULL),('6175e0ce-0fa7-11ee-a321-7085c294413b','2023-06-20 20:16:46',1,NULL,0,NULL,NULL,'d4368f8d-fd51-11ed-8f81-7085c294413b','d4368f8d-fd51-11ed-8f81-7085c294413b','hi wollen wir freunde sein?',NULL),('6d27ad76-0fa7-11ee-a321-7085c294413b','2023-06-20 20:17:06',1,NULL,0,NULL,NULL,'d4368f8d-fd51-11ed-8f81-7085c294413b','d4368f8d-fd51-11ed-8f81-7085c294413b','hi wollen wir freunde sein?',NULL),('6da99d37-0fa7-11ee-a321-7085c294413b','2023-06-20 20:17:06',1,NULL,0,NULL,NULL,'d4368f8d-fd51-11ed-8f81-7085c294413b','d4368f8d-fd51-11ed-8f81-7085c294413b','hi wollen wir freunde sein?',NULL),('6e19e74a-0fa7-11ee-a321-7085c294413b','2023-06-20 20:17:07',1,NULL,0,NULL,NULL,'d4368f8d-fd51-11ed-8f81-7085c294413b','d4368f8d-fd51-11ed-8f81-7085c294413b','hi wollen wir freunde sein?',NULL),('6e92d961-0fa7-11ee-a321-7085c294413b','2023-06-20 20:17:08',1,NULL,0,NULL,NULL,'d4368f8d-fd51-11ed-8f81-7085c294413b','d4368f8d-fd51-11ed-8f81-7085c294413b','hi wollen wir freunde sein?',NULL),('6ef7678f-0fa7-11ee-a321-7085c294413b','2023-06-20 20:17:09',1,NULL,0,NULL,NULL,'d4368f8d-fd51-11ed-8f81-7085c294413b','d4368f8d-fd51-11ed-8f81-7085c294413b','hi wollen wir freunde sein?',NULL),('6f4c0cbd-0fa7-11ee-a321-7085c294413b','2023-06-20 20:17:09',1,NULL,0,NULL,NULL,'d4368f8d-fd51-11ed-8f81-7085c294413b','d4368f8d-fd51-11ed-8f81-7085c294413b','hi wollen wir freunde sein?',NULL),('6f85d9a1-0fa7-11ee-a321-7085c294413b','2023-06-20 20:17:10',1,NULL,0,NULL,NULL,'d4368f8d-fd51-11ed-8f81-7085c294413b','d4368f8d-fd51-11ed-8f81-7085c294413b','hi wollen wir freunde sein?',NULL),('6fb8f54d-0fa7-11ee-a321-7085c294413b','2023-06-20 20:17:10',1,NULL,0,NULL,NULL,'d4368f8d-fd51-11ed-8f81-7085c294413b','d4368f8d-fd51-11ed-8f81-7085c294413b','hi wollen wir freunde sein?',NULL),('a547061f-0f8f-11ee-a321-7085c294413b','2023-06-20 17:27:00',1,NULL,0,NULL,NULL,'d4368f8d-fd51-11ed-8f81-7085c294413b','d4368f8d-fd51-11ed-8f81-7085c294413b','hi wollen wir freunde sein?',NULL),('ac95f3da-0fa7-11ee-a321-7085c294413b','2023-06-20 20:18:52',1,NULL,0,NULL,NULL,'d4368f8d-fd51-11ed-8f81-7085c294413b','d4368f8d-fd51-11ed-8f81-7085c294413b','hi wollen wir freunde sein?',NULL),('acfc29f4-0fa7-11ee-a321-7085c294413b','2023-06-20 20:18:53',1,NULL,0,NULL,NULL,'d4368f8d-fd51-11ed-8f81-7085c294413b','d4368f8d-fd51-11ed-8f81-7085c294413b','hi wollen wir freunde sein?',NULL),('ad542560-0fa7-11ee-a321-7085c294413b','2023-06-20 20:18:53',1,NULL,0,NULL,NULL,'d4368f8d-fd51-11ed-8f81-7085c294413b','d4368f8d-fd51-11ed-8f81-7085c294413b','hi wollen wir freunde sein?',NULL),('adac715d-0fa7-11ee-a321-7085c294413b','2023-06-20 20:18:54',1,NULL,0,NULL,NULL,'d4368f8d-fd51-11ed-8f81-7085c294413b','d4368f8d-fd51-11ed-8f81-7085c294413b','hi wollen wir freunde sein?',NULL);
/*!40000 ALTER TABLE `message` ENABLE KEYS */;
UNLOCK TABLES;

--
-- Table structure for table `message_acknowledge`
--

DROP TABLE IF EXISTS `message_acknowledge`;
/*!40101 SET @saved_cs_client     = @@character_set_client */;
/*!50503 SET character_set_client = utf8mb4 */;
CREATE TABLE `message_acknowledge` (
  `message_uuid` varchar(36) NOT NULL,
  `user_uuid` varchar(36) DEFAULT NULL,
  `uuid` varchar(36) NOT NULL,
  `creation_datetime` timestamp NULL DEFAULT CURRENT_TIMESTAMP,
  `active` tinyint NOT NULL DEFAULT '1',
  `activation_datetime` datetime DEFAULT NULL,
  `deleted` tinyint DEFAULT '0',
  `deletion_datetime` datetime DEFAULT NULL,
  `changed_datetime` datetime DEFAULT NULL,
  PRIMARY KEY (`message_uuid`),
  KEY `fkMessageAckToUser_idx` (`user_uuid`),
  CONSTRAINT `fkMessageAckToMessage` FOREIGN KEY (`message_uuid`) REFERENCES `message` (`uuid`),
  CONSTRAINT `fkMessageAckToUser` FOREIGN KEY (`user_uuid`) REFERENCES `user` (`uuid`)
) ENGINE=InnoDB DEFAULT CHARSET=utf8mb3;
/*!40101 SET character_set_client = @saved_cs_client */;

--
-- Dumping data for table `message_acknowledge`
--

LOCK TABLES `message_acknowledge` WRITE;
/*!40000 ALTER TABLE `message_acknowledge` DISABLE KEYS */;
INSERT INTO `message_acknowledge` VALUES ('6175e0ce-0fa7-11ee-a321-7085c294413b','b35d8651-eabb-11ed-a0f1-7085c294413b','18815f1a-145c-11ee-ac7f-7085c294413b','2023-06-26 20:00:27',1,NULL,0,NULL,NULL),('6d27ad76-0fa7-11ee-a321-7085c294413b','b35d8651-eabb-11ed-a0f1-7085c294413b','1881e1ff-145c-11ee-ac7f-7085c294413b','2023-06-26 20:00:27',1,NULL,0,NULL,NULL),('6da99d37-0fa7-11ee-a321-7085c294413b','b35d8651-eabb-11ed-a0f1-7085c294413b','49a5a4e9-1469-11ee-ac7f-7085c294413b','2023-06-26 21:34:53',1,NULL,0,NULL,NULL),('6e19e74a-0fa7-11ee-a321-7085c294413b','b35d8651-eabb-11ed-a0f1-7085c294413b','49a613a0-1469-11ee-ac7f-7085c294413b','2023-06-26 21:34:53',1,NULL,0,NULL,NULL);
/*!40000 ALTER TABLE `message_acknowledge` ENABLE KEYS */;
UNLOCK TABLES;

--
-- Table structure for table `role`
--

DROP TABLE IF EXISTS `role`;
/*!40101 SET @saved_cs_client     = @@character_set_client */;
/*!50503 SET character_set_client = utf8mb4 */;
CREATE TABLE `role` (
  `uuid` varchar(36) NOT NULL,
  `name` varchar(45) NOT NULL,
  `description` varchar(128) NOT NULL,
  `creation_datetime` timestamp NULL DEFAULT CURRENT_TIMESTAMP,
  `active` tinyint NOT NULL DEFAULT '1',
  `activation_datetime` datetime DEFAULT NULL,
  `deleted` tinyint DEFAULT '0',
  `deletion_datetime` datetime DEFAULT NULL,
  `changed_datetime` datetime DEFAULT NULL,
  `max_request_per_hour` int NOT NULL DEFAULT '200',
  `max_time_after_request_in_ms` int NOT NULL DEFAULT '1000',
  PRIMARY KEY (`uuid`)
) ENGINE=InnoDB DEFAULT CHARSET=utf8mb3;
/*!40101 SET character_set_client = @saved_cs_client */;

--
-- Dumping data for table `role`
--

LOCK TABLES `role` WRITE;
/*!40000 ALTER TABLE `role` DISABLE KEYS */;
INSERT INTO `role` VALUES ('776848df-084f-11ee-b2c8-7085c294413b','admin','admin','2023-06-11 11:59:56',4,NULL,0,NULL,NULL,200,1000),('8937df9c-fbef-11ed-8f81-7085c294413b','user','user','2023-05-26 18:03:05',1,NULL,0,NULL,NULL,200,1000),('d411a531-fbea-11ed-8f81-7085c294413b','root','root','2023-05-26 17:28:50',1,NULL,0,NULL,NULL,200,1000);
/*!40000 ALTER TABLE `role` ENABLE KEYS */;
UNLOCK TABLES;

--
-- Table structure for table `user`
--

DROP TABLE IF EXISTS `user`;
/*!40101 SET @saved_cs_client     = @@character_set_client */;
/*!50503 SET character_set_client = utf8mb4 */;
CREATE TABLE `user` (
  `uuid` varchar(36) NOT NULL,
  `user_type_uuid` varchar(36) NOT NULL,
  `user` varchar(20) NOT NULL,
  `password` varchar(45) NOT NULL,
  `first_name` varchar(45) DEFAULT NULL,
  `last_name` varchar(45) DEFAULT NULL,
  `phone` varchar(45) DEFAULT NULL,
  `date_of_birth` date DEFAULT NULL,
  `activation_code` varchar(4) DEFAULT NULL,
  `activation_token` varchar(1024) DEFAULT NULL,
  `password_reset_code` varchar(10) DEFAULT NULL,
  `password_reset_token` varchar(1024) DEFAULT NULL,
  `password_reset_expires_in` datetime DEFAULT NULL,
  `password_reset_code_confirmation` tinyint DEFAULT NULL,
  `max_auth_token` int NOT NULL DEFAULT '1',
  `creation_datetime` timestamp NULL DEFAULT CURRENT_TIMESTAMP,
  `active` tinyint NOT NULL DEFAULT '0',
  `activation_datetime` datetime DEFAULT NULL,
  `deleted` tinyint DEFAULT '0',
  `deletion_datetime` datetime DEFAULT NULL,
  `changed_datetime` datetime DEFAULT NULL,
  `user_profile_pic_file_ext` varchar(5) DEFAULT NULL,
  `signalr_connection_id` varchar(255) DEFAULT NULL,
  PRIMARY KEY (`uuid`),
  KEY `fk_userToUserType_idx` (`user_type_uuid`),
  CONSTRAINT `fk_userToUserType` FOREIGN KEY (`user_type_uuid`) REFERENCES `user_type` (`uuid`)
) ENGINE=InnoDB DEFAULT CHARSET=utf8mb3;
/*!40101 SET character_set_client = @saved_cs_client */;

--
-- Dumping data for table `user`
--

LOCK TABLES `user` WRITE;
/*!40000 ALTER TABLE `user` DISABLE KEYS */;
INSERT INTO `user` VALUES ('b35d8651-eabb-11ed-a0f1-7085c294413b','a5f3142d-eabb-11ed-a0f1-7085c294413b','root@root.de','63A9F0EA7BB98050796B649E85481845','root','root',NULL,NULL,NULL,NULL,NULL,NULL,NULL,NULL,1,'2023-05-04 20:39:24',1,NULL,0,NULL,NULL,NULL,'WiqecFqi1rA1AGVLJLKhTw'),('d4368f8d-fd51-11ed-8f81-7085c294413b','7340425e-a5b5-11eb-bac0-309c2364fdb6','mika-roos@web.de','ECDB9464E6FADFBBFF7E7FC139405E61','test','test','0000/00000000','1996-05-06','7140','eyJhbGciOiJIUzUxMiIsInR5cCI6IkpXVCJ9.eyJ1dWlkIjoiMDAwMDAwMDAtMDAwMC0wMDAwLTAwMDAtMDAwMDAwMDAwMDAwIiwidXNlciI6Im1pa2Etcm9vc0B3ZWIuZGUiLCJ1c2VyX3R5cGVfaWQiOiIwMDAwMDAwMC0wMDAwLTAwMDAtMDAwMC0wMDAwMDAwMDAwMDAiLCJlbWFpbCI6IjAwMDAwMDAwLTAwMDAtMDAwMC0wMDAwLTAwMDAwMDAwMDAwMCIsImV4cGlyZXNfdGltZSI6IjA0LjA2LjIwMjMgMTQ6MTk6MDAiLCJuYmYiOjE2ODUyNzYzNDAsImV4cCI6MTY4NTg4MTE0MCwiaWF0IjoxNjg1Mjc2MzQwLCJpc3MiOiJodHRwOi8vbG9jYWxob3N0OjUwMTAvIiwiYXVkIjoiaHR0cDovL2xvY2FsaG9zdDo1MDEwLyJ9.NTZIfaHDMiqoIY5w-yORL6AVPOKRmvet9QzzklccS9sB3ajhK_uHBTFDVWdALs2INDLXjbbGIWW-jjrQi9tKxA','734804','eyJhbGciOiJIUzUxMiIsInR5cCI6IkpXVCJ9.eyJ1dWlkIjoiMDAwMDAwMDAtMDAwMC0wMDAwLTAwMDAtMDAwMDAwMDAwMDAwIiwidXNlciI6Im1pa2Etcm9vc0B3ZWIuZGUiLCJ1c2VyX3R5cGVfaWQiOiIwMDAwMDAwMC0wMDAwLTAwMDAtMDAwMC0wMDAwMDAwMDAwMDAiLCJlbWFpbCI6IjAwMDAwMDAwLTAwMDAtMDAwMC0wMDAwLTAwMDAwMDAwMDAwMCIsImV4cGlyZXNfdGltZSI6IjE1LjA2LjIwMjMgMjE6MjE6MzgiLCJuYmYiOjE2ODYyNTIwOTgsImV4cCI6MTY4Njg1Njg5OCwiaWF0IjoxNjg2MjUyMDk4LCJpc3MiOiJodHRwOi8vbG9jYWxob3N0OjUwMTAvIiwiYXVkIjoiaHR0cDovL2xvY2FsaG9zdDo1MDEwLyJ9.uQZjlmDE8CDan0WF0gC_XW79fKk2MxxXFAN97aNL2TPJBk4TlOkRg4VvxbyojasNUiZnyQStclankhCbhDOz1Q','2023-06-15 21:21:39',1,1,'2023-05-28 12:19:01',1,NULL,0,NULL,NULL,NULL,'u_c6hoacZODLJbfYnj_UlA');
/*!40000 ALTER TABLE `user` ENABLE KEYS */;
UNLOCK TABLES;

--
-- Temporary view structure for view `user_active_view`
--

DROP TABLE IF EXISTS `user_active_view`;
/*!50001 DROP VIEW IF EXISTS `user_active_view`*/;
SET @saved_cs_client     = @@character_set_client;
/*!50503 SET character_set_client = utf8mb4 */;
/*!50001 CREATE VIEW `user_active_view` AS SELECT 
 1 AS `uuid`,
 1 AS `user_type_uuid`,
 1 AS `user`,
 1 AS `password`,
 1 AS `max_auth_token`,
 1 AS `creation_datetime`,
 1 AS `active`,
 1 AS `activation_datetime`,
 1 AS `deleted`,
 1 AS `deletion_datetime`,
 1 AS `changed_datetime`,
 1 AS `user_profile_pic_file_ext`*/;
SET character_set_client = @saved_cs_client;

--
-- Table structure for table `user_chat_invite_request`
--

DROP TABLE IF EXISTS `user_chat_invite_request`;
/*!40101 SET @saved_cs_client     = @@character_set_client */;
/*!50503 SET character_set_client = utf8mb4 */;
CREATE TABLE `user_chat_invite_request` (
  `chat_uuid` varchar(36) NOT NULL,
  `user_uuid` varchar(36) NOT NULL,
  `target_user_uuid` varchar(36) NOT NULL,
  `target_user_request_message` varchar(1024) DEFAULT NULL,
  `creation_datetime` timestamp NULL DEFAULT CURRENT_TIMESTAMP,
  `active` tinyint NOT NULL DEFAULT '1',
  `activation_datetime` datetime DEFAULT NULL,
  `deleted` tinyint DEFAULT '0',
  `deletion_datetime` datetime DEFAULT NULL,
  `changed_datetime` datetime DEFAULT NULL,
  `uuid` varchar(36) NOT NULL,
  PRIMARY KEY (`chat_uuid`,`target_user_uuid`),
  KEY `fkUserChatInviteRequestToUser_idx` (`user_uuid`),
  KEY `fkUserChatInviteRequestToUser2_idx` (`target_user_uuid`),
  CONSTRAINT `fkUserChatInviteRequestToChat` FOREIGN KEY (`chat_uuid`) REFERENCES `chat` (`uuid`),
  CONSTRAINT `fkUserChatInviteRequestToUser1` FOREIGN KEY (`user_uuid`) REFERENCES `user` (`uuid`),
  CONSTRAINT `fkUserChatInviteRequestToUser2` FOREIGN KEY (`target_user_uuid`) REFERENCES `user` (`uuid`)
) ENGINE=InnoDB DEFAULT CHARSET=utf8mb3;
/*!40101 SET character_set_client = @saved_cs_client */;

--
-- Dumping data for table `user_chat_invite_request`
--

LOCK TABLES `user_chat_invite_request` WRITE;
/*!40000 ALTER TABLE `user_chat_invite_request` DISABLE KEYS */;
INSERT INTO `user_chat_invite_request` VALUES ('d4368f8d-fd51-11ed-8f81-7085c294413b','b35d8651-eabb-11ed-a0f1-7085c294413b','d4368f8d-fd51-11ed-8f81-7085c294413b',NULL,'2023-06-13 23:36:27',1,NULL,0,NULL,NULL,'1daa5e1d-0a43-11ee-91fa-7085c294413b');
/*!40000 ALTER TABLE `user_chat_invite_request` ENABLE KEYS */;
UNLOCK TABLES;

--
-- Table structure for table `user_friends`
--

DROP TABLE IF EXISTS `user_friends`;
/*!40101 SET @saved_cs_client     = @@character_set_client */;
/*!50503 SET character_set_client = utf8mb4 */;
CREATE TABLE `user_friends` (
  `uuid` varchar(36) NOT NULL,
  `user_uuid` varchar(36) NOT NULL,
  `friend_user_uuid` varchar(36) NOT NULL,
  `creation_datetime` timestamp NULL DEFAULT CURRENT_TIMESTAMP,
  `active` tinyint NOT NULL DEFAULT '1',
  `activation_datetime` datetime DEFAULT NULL,
  `deleted` tinyint DEFAULT '0',
  `deletion_datetime` datetime DEFAULT NULL,
  `changed_datetime` datetime DEFAULT NULL,
  PRIMARY KEY (`uuid`)
) ENGINE=InnoDB DEFAULT CHARSET=utf8mb3;
/*!40101 SET character_set_client = @saved_cs_client */;

--
-- Dumping data for table `user_friends`
--

LOCK TABLES `user_friends` WRITE;
/*!40000 ALTER TABLE `user_friends` DISABLE KEYS */;
/*!40000 ALTER TABLE `user_friends` ENABLE KEYS */;
UNLOCK TABLES;

--
-- Table structure for table `user_friendship_request`
--

DROP TABLE IF EXISTS `user_friendship_request`;
/*!40101 SET @saved_cs_client     = @@character_set_client */;
/*!50503 SET character_set_client = utf8mb4 */;
CREATE TABLE `user_friendship_request` (
  `user_uuid` varchar(36) NOT NULL,
  `target_user_uuid` varchar(36) NOT NULL,
  `target_user_request_message` varchar(1024) DEFAULT NULL,
  `creation_datetime` timestamp NULL DEFAULT CURRENT_TIMESTAMP,
  `active` tinyint NOT NULL DEFAULT '1',
  `activation_datetime` datetime DEFAULT NULL,
  `deleted` tinyint DEFAULT '0',
  `deletion_datetime` datetime DEFAULT NULL,
  `changed_datetime` datetime DEFAULT NULL,
  `uuid` varchar(36) NOT NULL,
  PRIMARY KEY (`user_uuid`,`target_user_uuid`),
  KEY `fkUserFriendshipRequestToUser2_idx` (`target_user_uuid`),
  CONSTRAINT `fkUserFriendshipRequestToUser1` FOREIGN KEY (`user_uuid`) REFERENCES `user` (`uuid`),
  CONSTRAINT `fkUserFriendshipRequestToUser2` FOREIGN KEY (`target_user_uuid`) REFERENCES `user` (`uuid`)
) ENGINE=InnoDB DEFAULT CHARSET=utf8mb3;
/*!40101 SET character_set_client = @saved_cs_client */;

--
-- Dumping data for table `user_friendship_request`
--

LOCK TABLES `user_friendship_request` WRITE;
/*!40000 ALTER TABLE `user_friendship_request` DISABLE KEYS */;
/*!40000 ALTER TABLE `user_friendship_request` ENABLE KEYS */;
UNLOCK TABLES;

--
-- Table structure for table `user_relation_to_role`
--

DROP TABLE IF EXISTS `user_relation_to_role`;
/*!40101 SET @saved_cs_client     = @@character_set_client */;
/*!50503 SET character_set_client = utf8mb4 */;
CREATE TABLE `user_relation_to_role` (
  `uuid` varchar(36) NOT NULL,
  `user_uuid` varchar(36) NOT NULL,
  `role_uuid` varchar(36) NOT NULL,
  `creation_datetime` timestamp NULL DEFAULT CURRENT_TIMESTAMP,
  `active` tinyint NOT NULL DEFAULT '1',
  `activation_datetime` datetime DEFAULT NULL,
  `deleted` tinyint DEFAULT '0',
  `deletion_datetime` datetime DEFAULT NULL,
  `changed_datetime` datetime DEFAULT NULL,
  PRIMARY KEY (`user_uuid`,`role_uuid`),
  KEY `fk_userRoleToRole_idx` (`role_uuid`),
  KEY `fk_userRoleToUser_idx` (`user_uuid`),
  CONSTRAINT `fk_userRoleToRole` FOREIGN KEY (`role_uuid`) REFERENCES `role` (`uuid`),
  CONSTRAINT `fk_userRoleToUser` FOREIGN KEY (`user_uuid`) REFERENCES `user` (`uuid`)
) ENGINE=InnoDB DEFAULT CHARSET=utf8mb3;
/*!40101 SET character_set_client = @saved_cs_client */;

--
-- Dumping data for table `user_relation_to_role`
--

LOCK TABLES `user_relation_to_role` WRITE;
/*!40000 ALTER TABLE `user_relation_to_role` DISABLE KEYS */;
INSERT INTO `user_relation_to_role` VALUES ('4697dccf-0873-11ee-b2c8-7085c294413b','b35d8651-eabb-11ed-a0f1-7085c294413b','8937df9c-fbef-11ed-8f81-7085c294413b','2023-06-11 16:16:16',1,NULL,0,NULL,NULL),('baf7d6bb-fbf0-11ed-8f81-7085c294413b','b35d8651-eabb-11ed-a0f1-7085c294413b','d411a531-fbea-11ed-8f81-7085c294413b','2023-05-26 18:12:20',1,NULL,0,NULL,NULL);
/*!40000 ALTER TABLE `user_relation_to_role` ENABLE KEYS */;
UNLOCK TABLES;

--
-- Temporary view structure for view `user_role_view`
--

DROP TABLE IF EXISTS `user_role_view`;
/*!50001 DROP VIEW IF EXISTS `user_role_view`*/;
SET @saved_cs_client     = @@character_set_client;
/*!50503 SET character_set_client = utf8mb4 */;
/*!50001 CREATE VIEW `user_role_view` AS SELECT 
 1 AS `uuid`,
 1 AS `name`,
 1 AS `description`,
 1 AS `creation_datetime`,
 1 AS `active`,
 1 AS `activation_datetime`,
 1 AS `deleted`,
 1 AS `deletion_datetime`,
 1 AS `changed_datetime`,
 1 AS `user_uuid`*/;
SET character_set_client = @saved_cs_client;

--
-- Table structure for table `user_type`
--

DROP TABLE IF EXISTS `user_type`;
/*!40101 SET @saved_cs_client     = @@character_set_client */;
/*!50503 SET character_set_client = utf8mb4 */;
CREATE TABLE `user_type` (
  `uuid` varchar(36) NOT NULL DEFAULT 'UUID',
  `name` varchar(45) NOT NULL,
  `creation_datetime` timestamp NULL DEFAULT CURRENT_TIMESTAMP,
  `active` tinyint NOT NULL DEFAULT '1',
  `activation_datetime` datetime DEFAULT NULL,
  `deleted` tinyint DEFAULT '0',
  `deletion_datetime` datetime DEFAULT NULL,
  `changed_datetime` datetime DEFAULT NULL,
  PRIMARY KEY (`uuid`)
) ENGINE=InnoDB DEFAULT CHARSET=utf8mb3;
/*!40101 SET character_set_client = @saved_cs_client */;

--
-- Dumping data for table `user_type`
--

LOCK TABLES `user_type` WRITE;
/*!40000 ALTER TABLE `user_type` DISABLE KEYS */;
INSERT INTO `user_type` VALUES ('7340425e-a5b5-11eb-bac0-309c2364fdb6','user','2023-05-26 18:54:50',1,NULL,0,NULL,NULL),('a5f3142d-eabb-11ed-a0f1-7085c294413b','root','2023-05-04 20:38:54',1,NULL,0,NULL,NULL);
/*!40000 ALTER TABLE `user_type` ENABLE KEYS */;
UNLOCK TABLES;

--
-- Dumping events for database 'jellyfish'
--

--
-- Dumping routines for database 'jellyfish'
--

--
-- Final view structure for view `user_active_view`
--

/*!50001 DROP VIEW IF EXISTS `user_active_view`*/;
/*!50001 SET @saved_cs_client          = @@character_set_client */;
/*!50001 SET @saved_cs_results         = @@character_set_results */;
/*!50001 SET @saved_col_connection     = @@collation_connection */;
/*!50001 SET character_set_client      = utf8mb4 */;
/*!50001 SET character_set_results     = utf8mb4 */;
/*!50001 SET collation_connection      = utf8mb4_0900_ai_ci */;
/*!50001 CREATE ALGORITHM=UNDEFINED */
/*!50013 DEFINER=`root`@`localhost` SQL SECURITY DEFINER */
/*!50001 VIEW `user_active_view` AS select `user`.`uuid` AS `uuid`,`user`.`user_type_uuid` AS `user_type_uuid`,`user`.`user` AS `user`,`user`.`password` AS `password`,`user`.`max_auth_token` AS `max_auth_token`,`user`.`creation_datetime` AS `creation_datetime`,`user`.`active` AS `active`,`user`.`activation_datetime` AS `activation_datetime`,`user`.`deleted` AS `deleted`,`user`.`deletion_datetime` AS `deletion_datetime`,`user`.`changed_datetime` AS `changed_datetime`,`user`.`user_profile_pic_file_ext` AS `user_profile_pic_file_ext` from `user` where (`user`.`active` = 1) */;
/*!50001 SET character_set_client      = @saved_cs_client */;
/*!50001 SET character_set_results     = @saved_cs_results */;
/*!50001 SET collation_connection      = @saved_col_connection */;

--
-- Final view structure for view `user_role_view`
--

/*!50001 DROP VIEW IF EXISTS `user_role_view`*/;
/*!50001 SET @saved_cs_client          = @@character_set_client */;
/*!50001 SET @saved_cs_results         = @@character_set_results */;
/*!50001 SET @saved_col_connection     = @@collation_connection */;
/*!50001 SET character_set_client      = utf8mb4 */;
/*!50001 SET character_set_results     = utf8mb4 */;
/*!50001 SET collation_connection      = utf8mb4_0900_ai_ci */;
/*!50001 CREATE ALGORITHM=UNDEFINED */
/*!50013 DEFINER=`root`@`localhost` SQL SECURITY DEFINER */
/*!50001 VIEW `user_role_view` AS select `r`.`uuid` AS `uuid`,`r`.`name` AS `name`,`r`.`description` AS `description`,`r`.`creation_datetime` AS `creation_datetime`,`r`.`active` AS `active`,`r`.`activation_datetime` AS `activation_datetime`,`r`.`deleted` AS `deleted`,`r`.`deletion_datetime` AS `deletion_datetime`,`r`.`changed_datetime` AS `changed_datetime`,`ur`.`user_uuid` AS `user_uuid` from ((`user_relation_to_role` `ur` join `role` `r` on((`r`.`uuid` = `ur`.`role_uuid`))) join `user` `u` on((`u`.`uuid` = `ur`.`user_uuid`))) group by `ur`.`uuid` */;
/*!50001 SET character_set_client      = @saved_cs_client */;
/*!50001 SET character_set_results     = @saved_cs_results */;
/*!50001 SET collation_connection      = @saved_col_connection */;
/*!40103 SET TIME_ZONE=@OLD_TIME_ZONE */;

/*!40101 SET SQL_MODE=@OLD_SQL_MODE */;
/*!40014 SET FOREIGN_KEY_CHECKS=@OLD_FOREIGN_KEY_CHECKS */;
/*!40014 SET UNIQUE_CHECKS=@OLD_UNIQUE_CHECKS */;
/*!40101 SET CHARACTER_SET_CLIENT=@OLD_CHARACTER_SET_CLIENT */;
/*!40101 SET CHARACTER_SET_RESULTS=@OLD_CHARACTER_SET_RESULTS */;
/*!40101 SET COLLATION_CONNECTION=@OLD_COLLATION_CONNECTION */;
/*!40111 SET SQL_NOTES=@OLD_SQL_NOTES */;

-- Dump completed on 2023-06-26 23:51:24
